Team,Position,Defensive duels per 90,Aerial duels per 90,"Aerial duels won, %",PAdj Interceptions,Non-penalty goals per 90,xG per 90,Shots per 90,"Shots on target, %","Goal conversion, %",Crosses per 90,"Accurate crosses, %",Dribbles per 90,"Successful dribbles, %",Offensive duels per 90,Touches in box per 90,Progressive runs per 90,Accelerations per 90,Passes per 90,"Accurate passes, %",xA per 90,Smart passes per 90,Key passes per 90,Passes to final third per 90,Passes to penalty area per 90,"Accurate passes to penalty area, %",Deep completions per 90,Distance,Club Fit %,League,League Strength,Adjusted Fit %,Avg Team Market Value,Final Fit %
Anderlecht,CF,2.32,5.005,39.379999999999995,1.945,0.38,0.45499999999999996,2.35,49.96,19.004,0.365,13.335,1.1400000000000001,42.855000000000004,7.6850000000000005,4.01,0.665,0.07,15.36,79.755,0.05500000000000001,0.09,0.245,1.23,0.77,53.36,0.8699999999999999,7.275406982848726,80.44,Belgium 1.,68.57,75.52045048,8500000.0,76.43574390742856
Angers SCO,CF,2.7733333333333334,4.833333333333333,28.52333333333333,1.1966666666666665,0.30333333333333334,0.37333333333333335,2.03,44.53,18.835333333333335,0.7233333333333333,37.85666666666666,1.97,54.70666666666667,6.63,2.956666666666667,1.02,0.22666666666666668,15.200000000000001,76.67,0.04,0.18666666666666668,0.043333333333333335,1.2633333333333334,0.8966666666666668,43.48333333333333,0.41333333333333333,10.565516517014736,59.44,France 1.,91.43,44.104479999999995,1933333.3333333333,45.873135999999995
Antwerp,CF,2.66,3.96,34.45,2.2750000000000004,0.215,0.32,1.9700000000000002,54.645,10.4465,0.5800000000000001,41.665,1.1949999999999998,31.64,8.595,2.935,0.56,0.09,20.46,79.03999999999999,0.07500000000000001,0.095,0.3,2.275,0.935,60.165,0.77,8.911822514247016,70.0,Belgium 1.,68.57,65.71894,6500000.0,73.86040085714286
Arsenal,CF,3.8899999999999997,5.53,27.645,4.19,0.385,0.425,2.075,41.239999999999995,18.606,1.175,31.36,2.665,56.535000000000004,8.155000000000001,4.64,1.345,0.33999999999999997,22.685,83.08,0.09,0.0,0.24,1.41,1.365,61.58,1.24,8.544395834997728,72.34,England 1.,100.0,53.67627999999999,67500000.0,52.57339599999999
Aston Villa,CF,3.06,4.91,36.965,1.875,0.635,0.55,3.1950000000000003,44.675,20.593,0.54,38.16,2.005,49.2,7.699999999999999,4.54,1.1199999999999999,0.125,14.47,78.21000000000001,0.055,0.03,0.205,1.5499999999999998,0.915,61.385,0.775,7.816678656944333,76.99,England 1.,100.0,57.12657999999999,42500000.0,54.98860599999999
Atalanta,CF,2.4,4.62,34.11,1.16,0.75,0.82,3.33,39.78,26.882,0.72,20.0,1.22,47.06,10.71,5.45,0.36,0.21,19.85,78.7,0.06,0.18,0.5,1.5,0.97,44.44,0.75,8.500745065332106,72.62,Italy 1.,97.14,53.884040000000006,23625000.0,52.718828
Atalanta,"CF, AMF, LWF",3.54,4.22,36.25,1.75,0.32,0.34,2.48,38.3,12.766,1.32,12.0,5.49,50.96,14.41,2.85,2.53,0.26,22.7,75.12,0.07,0.26,0.42,2.22,1.74,30.3,0.84,11.288599412013651,54.82,Italy 1.,97.14,40.676439999999985,23625000.0,43.47350799999999
Atalanta,"CF, LWF, AMF",3.79,1.21,50.0,1.77,0.53,0.49,2.92,42.86,19.481,3.18,42.86,7.05,53.76,13.5,6.44,4.09,0.49,31.92,78.62,0.3,0.08,0.57,1.86,3.37,65.17,2.5,14.42982996986703,34.77,Italy 1.,97.14,25.79934,23625000.0,33.059538
Atalanta,"CF, RWF, AMF",3.02,3.51,48.84,1.26,0.29,0.29,1.63,47.5,17.5,2.73,34.33,5.5,61.48,13.98,4.65,3.75,0.45,38.03,77.71,0.23,0.57,0.86,4.93,4.36,62.62,2.4,15.657687269925251,26.93,Italy 1.,97.14,19.982059999999997,23625000.0,28.987441999999998
Athletic Bilbao,CF,3.8099999999999996,5.18,32.455,2.38,0.215,0.345,2.09,35.415,9.6065,0.605,5.555,2.06,48.685,10.219999999999999,3.49,1.39,0.18,16.795,74.985,0.045,0.125,0.28,1.685,0.895,36.905,0.66,9.11295658195732,68.71,Spain 1.,94.29,50.98281999999999,11000000.0,50.68797399999999
Athletic Bilbao,"CF, RAMF, LAMF",6.44,3.47,25.0,1.94,0.12,0.15,1.73,21.43,7.143,1.98,25.0,5.08,51.22,10.28,2.1,3.09,0.5,15.35,68.55,0.07,0.0,0.25,0.99,1.73,50.0,0.5,14.012889853942784,37.43,Spain 1.,94.29,27.773059999999994,11000000.0,34.441142
Atlético Madrid,CF,2.44,5.390000000000001,50.465,2.075,0.61,0.5,2.7350000000000003,46.75,21.844,1.515,14.285,1.565,47.975,7.41,4.18,1.3399999999999999,0.18,29.195,78.49000000000001,0.10500000000000001,0.275,0.33499999999999996,3.29,2.46,55.44,1.275,8.138074335816974,74.94,Spain 1.,94.29,55.60547999999999,39500000.0,53.923835999999994
Atlético Madrid,"CF, LW",4.8,1.92,25.86,1.76,0.43,0.41,2.39,55.56,23.611,1.33,32.5,2.58,57.69,7.52,3.48,2.09,0.53,29.39,78.35,0.23,0.43,0.6,2.45,2.22,55.22,1.39,10.512714391527794,59.78,Spain 1.,94.29,44.356759999999994,39500000.0,46.04973199999999
Atlético Madrid,"CF, RW",5.82,1.31,14.29,2.5,0.38,0.6,3.19,38.24,11.765,2.63,39.29,4.22,55.56,10.7,6.38,1.78,0.38,26.0,77.98,0.16,0.19,0.56,2.44,2.72,55.17,1.5,11.311256573518284,54.68,Spain 1.,94.29,40.57255999999999,39500000.0,43.40079199999999
Augsburg,CF,2.2199999999999998,8.174999999999999,38.66,1.795,0.31999999999999995,0.30000000000000004,2.065,39.980000000000004,17.437,0.45499999999999996,26.785,2.135,44.165,10.075,3.6900000000000004,0.7,0.05,16.675,71.725,0.065,0.05,0.225,1.485,0.65,51.875,0.675,8.08428447648003,75.28,Germany 1.,94.29,55.85775999999999,4250000.0,57.314717714285706
Auxerre,CF,2.455,8.225,37.21,2.375,0.245,0.27,1.6400000000000001,48.0,16.0,0.5549999999999999,22.22,0.59,58.57,3.89,3.465,0.5549999999999999,0.125,14.32,75.38,0.055,0.12,0.185,0.9650000000000001,0.43,50.0,0.455,10.427675011737815,60.32,France 1.,91.43,44.757439999999995,1766666.6666666667,46.330208
Auxerre,"CF, LW",3.67,3.89,22.22,3.49,0.14,0.26,2.23,27.42,8.065,1.19,27.27,3.85,45.79,11.48,3.78,1.58,0.22,23.89,80.27,0.1,0.14,0.54,1.66,1.66,47.83,0.83,10.114742686959751,62.32,France 1.,91.43,46.24143999999999,1766666.6666666667,47.369007999999994
Barcelona,CF,1.96,2.74,39.77,2.59,0.75,0.79,3.27,43.81,25.714,0.34,18.18,1.09,45.71,6.64,5.11,0.59,0.06,16.26,77.59,0.09,0.19,0.25,1.4,0.93,40.0,0.93,7.355100090295097,79.94,Spain 1.,94.29,59.31548,15500000.0,56.520835999999996
Barcelona,"CF, LAMF, LWF",2.99,1.155,34.705,3.5200000000000005,0.575,0.53,3.1,53.57,18.5065,1.115,28.29,2.27,54.39,7.07,4.62,1.01,0.035,25.03,81.185,0.14,0.255,0.79,2.0949999999999998,2.27,54.165,1.9849999999999999,7.90614489918432,76.42,Spain 1.,94.29,56.70364,15500000.0,54.692547999999995
Bayer Leverkusen,CF,1.99,4.89,57.63,0.47,0.66,0.72,3.9,38.3,17.021,1.0,33.33,3.98,39.58,12.11,4.81,1.82,0.25,18.41,75.23,0.11,0.33,0.41,1.16,1.41,47.06,1.0,9.918529425269805,63.57,Germany 1.,94.29,47.16893999999999,30666666.666666668,48.018257999999996
Bayer Leverkusen,"CF, AMF",4.61,5.84,42.11,2.81,0.21,0.23,1.64,43.75,12.5,3.69,25.0,3.59,62.86,8.82,5.54,3.18,0.62,33.42,81.6,0.12,0.1,0.51,2.15,3.08,50.0,1.44,12.73376818813414,45.6,Germany 1.,94.29,33.83519999999999,30666666.666666668,38.684639999999995
Bayer Leverkusen,"CF, RWF",1.75,5.29,49.54,2.2,0.97,0.52,2.62,61.11,38.889,0.19,0.0,1.02,42.86,6.41,4.37,0.1,0.0,16.22,80.54,0.02,0.1,0.0,1.02,0.39,62.5,0.53,9.194673910886069,68.19,Germany 1.,94.29,50.59697999999999,30666666.666666668,50.41788599999999
Bayern München,CF,1.04,2.19,54.1,2.73,0.61,0.72,3.94,50.0,23.636,0.86,29.17,2.12,49.15,6.35,4.66,0.82,0.14,21.51,82.33,0.13,0.25,0.5,2.47,2.26,65.08,1.65,9.309636783041265,67.46,Germany 1.,94.29,50.055319999999995,100000000.0,50.038723999999995
Beerschot-Wilrijk,CF,2.7325,5.075,24.66,1.6375,0.29000000000000004,0.355,1.5975000000000001,40.2625,17.19025,0.315,7.895,1.9024999999999999,53.735,7.495,2.9925,1.1400000000000001,0.1175,11.81,76.2775,0.04,0.0425,0.16,1.0175,0.3675,25.6575,0.4175,10.821444165628701,57.81,Belgium 1.,68.57,54.27445602,400000.0,52.992119214
Beerschot-Wilrijk,"CF, AMF",4.82,2.39,36.17,4.27,0.2,0.31,2.13,33.33,9.524,1.17,21.74,3.1,40.98,10.25,2.99,1.27,0.51,26.29,70.08,0.1,0.3,0.56,3.45,2.49,51.02,1.32,9.784291200407367,64.43,Belgium 1.,68.57,60.489590060000005,400000.0,57.342713042
Blackburn Rovers,CF,3.24,13.74,43.43,3.06,0.22,0.26,1.92,38.46,11.538,0.63,23.53,1.92,44.23,8.33,2.91,1.07,0.11,16.36,63.51,0.1,0.18,0.22,1.69,1.03,57.14,0.7,9.621981117295785,65.46,England 2.,71.43,59.47211195999999,1300000.0,56.63047837199999
Blackburn Rovers,"CF, AMF",4.73,8.16,26.32,2.65,0.31,0.22,1.72,43.18,18.182,1.05,11.11,2.19,50.0,7.54,2.93,1.21,0.27,16.41,71.9,0.03,0.0,0.23,1.45,0.82,47.62,0.51,10.467304696197905,60.07,England 2.,71.43,54.57515682,1300000.0,53.202609773999995
Blackburn Rovers,"CF, AMF, RCMF",5.63,6.23,33.33,3.33,0.0,0.11,1.48,50.0,0.0,1.63,45.45,1.63,36.36,8.6,1.93,0.3,0.15,29.36,77.27,0.09,0.0,0.3,2.52,1.19,50.0,0.44,12.898144136820871,44.55,England 2.,71.43,40.47483329999999,1300000.0,43.33238331
Bochum,CF,3.096666666666667,6.8500000000000005,41.75,1.9733333333333334,0.26666666666666666,0.3233333333333333,1.9433333333333334,39.443333333333335,14.618333333333334,0.9166666666666666,38.4,2.29,43.629999999999995,9.116666666666665,2.9599999999999995,0.7633333333333333,0.20999999999999996,16.386666666666667,73.89999999999999,0.08333333333333333,0.11,0.3066666666666667,1.71,0.9900000000000001,56.97,0.53,8.554804793681923,72.28,Germany 1.,94.29,53.63175999999999,3450000.0,52.54223199999999
Bochum,"CF, RWF",4.1,6.03,26.67,2.42,0.16,0.36,2.25,50.0,7.143,2.33,27.59,1.53,63.16,5.63,3.78,0.97,0.32,21.23,75.76,0.11,0.08,0.4,1.37,2.09,38.46,0.56,10.202090769583442,61.76,Germany 1.,94.29,45.825919999999996,3450000.0,47.078143999999995
Bologna,CF,3.5949999999999998,5.205,36.915,2.7350000000000003,0.25,0.30000000000000004,1.945,38.7,12.7865,0.27,22.22,1.13,62.31,9.685,3.6550000000000002,0.6599999999999999,0.07,16.95,79.455,0.045,0.125,0.165,1.6999999999999997,0.925,53.845,0.5900000000000001,10.498269865629657,59.87,Italy 1.,97.14,44.423539999999996,9000000.0,52.52504942857142
Borussia Dortmund,CF,0.98,7.05,46.51,2.13,0.59,0.64,2.62,47.5,26.25,0.07,50.0,1.74,37.74,8.92,3.97,0.62,0.07,17.21,80.38,0.07,0.23,0.3,1.18,0.79,70.83,0.92,7.211175377896686,80.85,Germany 1.,94.29,59.99069999999999,35000000.0,56.99348999999999
Borussia Dortmund,"CF, LAMF, RAMF",4.88,2.96,44.44,2.55,0.44,0.4,2.03,37.84,21.622,1.26,34.78,2.19,50.0,5.97,4.71,0.93,0.16,20.6,74.73,0.13,0.16,0.44,1.64,1.42,50.0,1.21,6.439463334565585,85.78,Germany 1.,94.29,63.648759999999996,35000000.0,59.554131999999996
Borussia M'gladbach,CF,4.66,9.1,50.17,3.01,0.44,0.36,2.12,55.22,20.896,0.82,11.54,1.14,41.67,6.56,3.55,0.95,0.29,18.6,65.25,0.09,0.22,0.35,1.77,0.79,60.0,0.82,7.749337461061692,77.42,Germany 1.,94.29,57.44563999999999,6000000.0,65.9262337142857
Bournemouth,CF,2.62,4.15,32.46,1.62,0.36,0.46,2.44,46.27,14.925,0.33,11.11,1.16,68.75,5.09,4.47,0.91,0.33,11.24,76.7,0.06,0.11,0.18,0.76,0.47,46.15,0.65,10.696991281342772,58.6,England 1.,100.0,43.481199999999994,9000000.0,51.86541142857142
Bournemouth,"CF, AMF",4.43,9.46,44.68,1.7,0.4,0.54,3.62,38.89,11.111,0.81,25.0,1.81,44.44,11.88,4.43,0.6,0.0,15.3,77.63,0.09,0.2,0.2,0.6,1.21,83.33,1.41,8.109485960590876,75.12,England 1.,100.0,55.739039999999996,9000000.0,60.445899428571416
Brentford,CF,2.68,2.2,46.15,1.97,0.51,0.44,2.31,48.78,21.951,0.93,24.24,1.55,54.55,5.9,3.98,1.33,0.48,15.84,77.36,0.05,0.2,0.34,1.72,0.79,53.57,0.71,8.699930731658995,71.35,England 1.,100.0,52.94169999999999,21000000.0,52.059189999999994
Brentford,"CF, LW, AMF",8.57,1.81,27.27,3.49,0.33,0.35,1.98,50.0,16.667,0.99,16.67,1.81,45.45,7.75,3.3,1.65,0.33,27.36,73.49,0.09,0.16,0.33,2.97,1.98,50.0,1.32,9.66733530565296,65.17,England 1.,100.0,48.35613999999999,21000000.0,48.84929799999999
Brest,CF,3.28,10.1,48.85,2.03,0.43,0.38,1.75,50.94,24.528,0.36,27.27,0.43,84.62,5.63,3.38,0.3,0.03,18.54,76.43,0.08,0.07,0.33,1.13,0.83,44.0,0.66,12.93820509943651,44.29,France 1.,91.43,32.86317999999999,3500000.0,38.00422599999999
Brest,"CF, RAMF, LWF",4.92,5.93,34.09,2.17,0.13,0.23,1.62,33.33,8.333,1.08,43.75,4.99,48.65,11.66,3.37,1.69,0.4,16.18,78.33,0.09,0.07,0.27,1.28,0.81,58.33,0.67,11.233816102558901,55.17,France 1.,91.43,40.936139999999995,3500000.0,43.655297999999995
Brighton,CF,2.7,1.96,33.33,2.26,0.35,0.37,2.16,41.07,17.857,0.15,0.0,1.08,46.43,6.24,3.47,0.5,0.12,18.22,87.1,0.06,0.04,0.23,0.85,0.81,76.19,0.85,9.731583289727746,64.76,England 1.,100.0,48.051919999999996,25000000.0,48.636343999999994
Brighton,"CF, AMF",2.66,3.7,42.7,2.21,0.21,0.43,1.87,42.22,22.222,1.37,33.33,3.53,47.06,12.3,4.12,2.12,0.46,25.36,77.38,0.14,0.62,0.79,2.7,2.49,51.67,1.5,9.164394804110202,68.38,England 1.,100.0,50.737959999999994,25000000.0,50.516572
Bristol City,CF,3.155,4.38,24.585,1.54,0.25,0.3,2.055,45.305,12.826,1.125,20.0,1.9049999999999998,57.595,8.18,3.69,1.155,0.215,15.345,74.97,0.045000000000000005,0.04,0.20500000000000002,0.925,0.97,56.620000000000005,0.6699999999999999,10.314396958153061,61.04,England 2.,71.43,55.45642703999999,533333.3333333334,53.81949892799999
Bristol City,"CF, LWB, RWB",5.17,4.38,39.29,2.73,0.0,0.33,2.03,38.46,0.0,2.66,47.06,3.91,48.0,9.08,4.85,2.5,0.63,23.48,73.33,0.04,0.0,0.31,1.1,1.57,90.0,0.63,11.48040328497989,53.6,England 2.,71.43,48.69699359999999,533333.3333333334,49.08789551999999
Burnley,CF,3.445,4.655,35.67,2.32,0.265,0.255,1.7650000000000001,36.43,18.5715,0.405,27.38,1.0899999999999999,46.865,5.25,2.585,0.53,0.015,15.260000000000002,74.34,0.06,0.07,0.195,1.825,0.53,45.835,0.49,9.92834368161465,63.51,England 2.,71.43,57.700486259999984,6066666.666666667,66.39034038199998
Burnley,"CF, LW, LAMF",3.88,6.39,27.87,2.03,0.1,0.28,1.89,36.11,5.556,0.73,21.43,2.41,60.87,9.27,3.25,1.62,0.42,21.53,80.29,0.07,0.05,0.31,0.79,1.26,41.67,0.73,11.23883359786783,55.14,England 2.,71.43,50.096123639999995,6066666.666666667,61.06728654799999
Cagliari,CF,2.03,8.13,36.67,1.18,0.24,0.37,2.33,33.72,11.628,0.33,16.67,1.87,43.48,7.92,3.39,0.89,0.22,11.77,71.89,0.01,0.0,0.03,1.19,0.38,64.29,0.33,10.30566625996556,61.1,Italy 1.,97.14,45.33619999999999,4100000.0,49.30676857142856
Cagliari,"CF, AMF",1.76,18.83,50.85,2.0,0.32,0.35,2.39,46.67,13.333,0.0,0.0,0.64,75.0,5.27,4.15,0.16,0.0,17.07,71.03,0.03,0.0,0.16,2.55,0.0,0.0,0.64,13.504638715030964,40.68,Italy 1.,97.14,30.184559999999994,4100000.0,38.70062057142857
Cagliari,"CF, LAMF, LW",4.8,1.41,25.93,1.09,0.1,0.13,1.2,26.09,8.696,4.02,22.08,6.05,58.62,15.07,3.08,2.71,0.37,14.76,62.19,0.11,0.0,0.31,1.1,2.66,35.29,0.47,15.593301017775538,27.34,Italy 1.,97.14,20.286279999999994,4100000.0,31.771824571428567
Cardiff City,CF,1.7866666666666664,7.213333333333334,35.20333333333333,1.67,0.3133333333333333,0.37333333333333335,2.1033333333333335,42.66,13.492333333333333,0.63,16.666666666666668,1.6333333333333335,49.92333333333334,7.25,2.9966666666666666,0.6233333333333334,0.04666666666666667,14.046666666666667,66.40333333333334,0.03,0.13333333333333333,0.14333333333333334,1.5333333333333332,0.89,46.153333333333336,0.49666666666666665,10.068899821682141,62.61,England 2.,71.43,56.88281285999999,2275000.0,54.81796900199999
Cardiff City,"CF, RAMF, RW",5.03,10.33,43.04,2.31,0.2,0.34,2.75,33.33,7.143,1.11,23.53,3.07,40.43,9.28,3.01,0.85,0.26,8.95,70.8,0.01,0.07,0.07,0.72,1.18,55.56,0.46,10.965602405052172,56.89,England 2.,71.43,51.68604413999999,2275000.0,51.18023089799999
Celta de Vigo,CF,3.89,2.82,30.814999999999998,1.58,0.4,0.365,1.75,58.06,22.7905,0.315,23.81,1.02,51.620000000000005,9.100000000000001,2.75,0.51,0.12,14.72,72.02000000000001,0.034999999999999996,0.13,0.185,1.04,0.645,45.0,0.375,10.155777463410086,62.06,Spain 1.,94.29,46.04851999999999,3666666.6666666665,47.94824971428571
Celta de Vigo,"CF, RW, LWF",5.66,2.74,34.04,2.01,0.23,0.2,1.57,40.74,14.815,1.69,27.59,1.57,25.93,7.17,3.03,0.99,0.35,22.92,72.52,0.16,0.06,0.47,1.92,1.22,52.38,0.52,9.439639467940932,66.63,Spain 1.,94.29,49.43945999999998,3666666.6666666665,50.3219077142857
Cercle Brugge,CF,1.6,9.55,29.68,1.86,0.55,0.59,3.02,46.94,20.408,0.37,16.67,2.71,59.09,11.96,4.5,1.11,0.25,17.08,71.12,0.13,0.12,0.31,1.42,1.23,45.0,0.86,7.888478157515992,76.53,Belgium 1.,68.57,71.84957826,6333333.333333333,77.43756192485714
Cercle Brugge,"CF, AMF, LWF",4.68,2.98,38.1,2.4,0.28,0.3,1.98,35.71,21.429,0.28,0.0,7.23,49.02,17.15,2.69,2.41,0.43,13.75,70.1,0.06,0.14,0.14,1.13,1.13,75.0,0.57,13.330083622943132,41.79,Belgium 1.,68.57,39.23420718,6333333.333333333,54.60680216885714
Cercle Brugge,"CF, LWF",3.14,10.4,28.22,3.21,0.1,0.45,2.32,48.89,4.444,1.24,8.33,2.42,38.3,11.22,3.5,1.18,0.05,11.95,65.09,0.06,0.15,0.21,1.03,0.98,31.58,0.46,9.526083074196201,66.08,Belgium 1.,68.57,62.038679359999996,6333333.333333333,70.56993269485714
Charleroi,CF,3.03,6.436666666666667,25.383333333333336,1.9833333333333334,0.2833333333333334,0.39666666666666667,1.9733333333333334,48.63333333333333,13.755,0.45,45.0,1.5566666666666666,54.01,7.489999999999999,3.61,0.6166666666666667,0.043333333333333335,18.27333333333333,80.14333333333333,0.056666666666666664,0.043333333333333335,0.26666666666666666,1.4966666666666668,0.6233333333333334,55.553333333333335,0.5433333333333333,9.544611424500365,65.96,Belgium 1.,68.57,61.92601832,1183333.3333333333,58.348212823999994
Chelsea,CF,3.1,2.49,36.36,1.91,0.38,0.56,2.68,47.89,14.085,0.34,11.11,2.04,57.41,7.37,4.5,1.74,0.38,14.4,79.27,0.09,0.23,0.45,1.21,0.64,58.82,0.72,8.543562955888802,72.35,England 1.,100.0,53.68369999999999,50000000.0,52.57858999999999
Chelsea,"CF, LAMF",3.35,3.35,36.59,2.61,0.25,0.31,1.63,55.0,15.0,0.49,16.67,1.88,43.48,7.19,3.76,1.88,0.41,26.49,91.98,0.14,0.0,0.41,1.96,0.9,54.55,1.23,10.309702161121843,61.07,England 1.,100.0,45.31393999999999,50000000.0,46.719757999999985
Club Brugge,CF,5.02,5.715,43.019999999999996,2.2,0.495,0.64,2.895,46.315,18.765,0.76,44.230000000000004,1.655,53.845,8.79,4.975,0.9199999999999999,0.10500000000000001,15.575,73.38999999999999,0.09,0.095,0.42000000000000004,1.835,0.9199999999999999,50.0,0.985,7.0804086591828925,81.69,Belgium 1.,68.57,76.69400298,5100000.0,75.54294494314286
Club Brugge,"CF, LAMF",2.8,3.18,27.94,2.31,0.47,0.49,3.5,44.0,13.333,1.26,44.44,3.6,61.04,8.08,6.45,1.96,0.47,29.21,81.76,0.12,0.19,0.75,1.54,1.78,60.53,1.59,11.09991843371286,56.03,Belgium 1.,68.57,52.60331726,5100000.0,58.679464939142846
Como,CF,3.5966666666666662,5.016666666666667,32.22666666666667,1.8933333333333333,0.28,0.36333333333333334,2.2666666666666666,32.81666666666667,12.859,1.09,26.743333333333336,1.7966666666666669,70.30333333333333,9.336666666666666,4.18,0.77,0.08333333333333333,15.466666666666667,77.75666666666666,0.10666666666666667,0.05666666666666667,0.26,1.0933333333333333,1.0466666666666666,41.34,0.6166666666666667,10.449258618474904,60.18,Italy 1.,97.14,44.65355999999999,5333333.333333333,54.114634857142846
Coventry City,CF,2.615,6.0600000000000005,27.18,1.7349999999999999,0.195,0.38,1.665,48.75,11.678,1.005,30.515,1.29,44.245000000000005,6.7,3.3499999999999996,1.2,0.215,8.35,63.015,0.02,0.065,0.08,0.605,0.62,45.0,0.305,11.313048163301367,54.67,England 2.,71.43,49.669116419999995,4625000.0,54.589810065428566
Coventry City,"CF, LAMF",3.3,5.175,35.185,2.59,0.315,0.38,2.355,33.995,14.122,1.5899999999999999,32.275,3.55,58.355000000000004,9.535,4.215,1.935,0.325,13.48,72.705,0.10500000000000001,0.1,0.4,0.765,1.215,47.53,0.5800000000000001,8.98762280144277,69.51,England 2.,71.43,63.151642259999996,4625000.0,64.02757815342856
Crystal Palace,CF,1.78,5.54,32.77,1.37,0.38,0.33,1.88,50.0,23.333,1.0,21.88,1.78,64.91,9.02,2.85,1.28,0.19,12.71,73.65,0.08,0.34,0.34,1.38,1.13,50.0,0.66,10.804096643829489,57.92,England 1.,100.0,42.976639999999996,25000000.0,45.083648
Crystal Palace,"CF, RWF, AMF",4.15,5.3,33.33,2.39,0.23,0.46,3.07,37.5,7.5,0.77,40.0,2.54,63.64,9.15,4.92,2.46,0.31,16.68,77.88,0.11,0.08,0.23,1.54,0.69,77.78,0.54,10.133858683580106,62.2,England 1.,100.0,46.1524,25000000.0,47.30668
Dender,CF,3.6333333333333333,7.5566666666666675,38.163333333333334,1.3933333333333333,0.32,0.33666666666666667,2.0233333333333334,42.153333333333336,17.512666666666664,0.7600000000000001,34.486666666666665,2.5,42.24,9.22,3.6799999999999997,1.4833333333333334,0.24,18.5,72.56,0.09333333333333334,0.16,0.39333333333333337,1.8,1.5266666666666666,49.89666666666667,1.32,7.08778181567421,81.64,Belgium 1.,68.57,76.64706088,866666.6666666666,68.65294261599999
Deportivo Alavés,CF,2.0949999999999998,10.685,40.695,2.12,0.32,0.3,2.355,42.480000000000004,17.392,0.73,29.81,1.31,63.085,7.865,3.6449999999999996,0.6900000000000001,0.15000000000000002,14.895,68.435,0.03,0.05,0.14,1.355,0.77,25.0,0.575,10.833684217462787,57.73,Spain 1.,94.29,42.83566,2833333.3333333335,44.984961999999996
Deportivo Alavés,"CF, AMF",2.46,6.15,56.67,2.23,0.0,0.26,1.03,40.0,20.0,0.82,25.0,2.26,45.45,7.79,2.67,0.62,0.21,12.3,71.67,0.16,0.21,0.21,1.03,1.03,100.0,0.82,11.238760980501842,55.14,Spain 1.,94.29,40.91387999999999,2833333.3333333335,43.63971599999999
Derby County,CF,3.16,4.945,28.82,1.6400000000000001,0.195,0.27,1.385,67.975,15.3595,0.605,38.635,0.48000000000000004,78.125,4.735,2.63,0.255,0.01,12.21,69.05499999999999,0.04,0.025,0.1,1.46,0.755,69.85499999999999,0.6799999999999999,14.491606675459384,34.38,England 2.,71.43,31.235123879999996,1683333.3333333333,36.86458671599999
Derby County,"CF, AMF",5.82,5.82,27.71,3.85,0.14,0.12,1.09,29.03,12.903,1.79,23.53,2.42,46.38,6.84,2.17,0.67,0.11,21.89,67.15,0.11,0.18,0.14,3.16,1.65,44.68,0.6,12.42222057057572,47.59,England 2.,71.43,43.23675234,1683333.3333333333,45.265726638000004
Eintracht Frankfurt,CF,2.215,2.81,27.015,1.555,0.605,0.6599999999999999,3.9699999999999998,44.644999999999996,16.8315,1.065,39.285,5.414999999999999,50.17,14.385,5.025,3.2350000000000003,0.755,19.520000000000003,79.35,0.25,0.30000000000000004,0.655,1.52,1.7850000000000001,70.11,1.545,11.721727346957922,52.06,Germany 1.,94.29,38.628519999999995,21000000.0,42.039964
Empoli,CF,3.78,4.78,4.17,1.24,0.6,0.07,1.39,57.14,42.857,0.6,0.0,2.39,58.33,13.14,1.79,2.39,0.0,12.94,73.85,0.05,0.0,0.4,0.8,0.8,50.0,0.8,14.78638880110165,32.49,Italy 1.,97.14,24.10758,4800000.0,37.446734571428564
Empoli,"CF, AMF, LWF",3.54,10.26,54.93,2.17,0.07,0.29,1.66,26.09,4.348,1.01,42.86,1.66,47.83,9.25,3.18,1.08,0.22,20.01,74.37,0.15,0.29,0.43,1.73,2.02,42.86,0.87,9.889688680781946,63.75,Italy 1.,97.14,47.3025,4800000.0,53.68317857142857
Empoli,"CF, AMF, RWF",3.0,3.64,29.41,1.22,0.0,0.08,0.43,75.0,0.0,0.75,28.57,1.5,35.71,4.39,1.93,1.39,0.54,20.79,78.87,0.01,0.0,0.0,2.04,1.29,50.0,0.75,15.113098244618268,30.41,Italy 1.,97.14,22.56422,4800000.0,36.36638257142857
Empoli,"CF, RWF",4.38,7.09,25.53,2.35,0.19,0.25,1.85,36.73,12.245,0.72,31.58,2.15,50.88,11.05,2.49,0.91,0.38,16.67,72.85,0.04,0.11,0.19,1.92,1.28,44.12,0.57,11.003298198929905,56.65,Italy 1.,97.14,42.034299999999995,4800000.0,49.995438571428565
Empoli,"CF, RWF, AMF",6.39,3.1,27.06,2.53,0.26,0.25,2.15,35.59,13.559,1.72,29.79,2.52,49.28,10.44,2.55,1.06,0.29,24.05,66.31,0.07,0.33,0.22,4.27,3.28,40.0,0.95,11.973408704545959,50.45,Italy 1.,97.14,37.433899999999994,4800000.0,46.77515857142856
Espanyol,CF,3.28,6.453333333333333,36.156666666666666,2.2933333333333334,0.17666666666666667,0.18333333333333335,1.1199999999999999,40.596666666666664,16.452666666666666,0.15666666666666665,8.333333333333334,1.2566666666666666,45.23666666666667,8.786666666666667,2.223333333333333,0.63,0.03666666666666667,11.296666666666667,78.07,0.03333333333333333,0.13333333333333333,0.13999999999999999,0.9333333333333332,0.2966666666666667,22.223333333333333,0.43,12.062293210163276,49.88,Spain 1.,94.29,37.01096,5220000.0,48.27910057142857
Espanyol,"CF, LW, LAMF",4.55,1.99,35.765,2.23,0.165,0.195,1.44,36.175,15.341,1.6800000000000002,34.72,2.19,46.875,5.73,2.575,1.895,0.51,19.365000000000002,73.155,0.06,0.265,0.375,2.225,2.02,52.165000000000006,0.7,11.152551046955429,55.69,Spain 1.,94.29,41.32197999999999,5220000.0,51.296814571428555
Everton,CF,2.87,10.7,40.815,1.8650000000000002,0.285,0.405,2.2249999999999996,47.620000000000005,12.6625,0.645,21.325,1.705,44.735,9.16,3.8449999999999998,1.14,0.1,11.57,68.45,0.035,0.0,0.125,0.78,0.615,59.44,0.46499999999999997,8.917210443342974,69.96,England 1.,100.0,51.91031999999999,21000000.0,51.33722399999999
Fiorentina,CF,1.92,2.94,44.21,1.41,0.56,0.6,3.19,50.49,18.447,0.31,40.0,3.47,53.57,11.56,3.5,1.21,0.28,8.86,75.87,0.04,0.06,0.22,0.56,0.5,62.5,0.4,10.583010417458125,59.33,Italy 1.,97.14,44.022859999999994,16666666.666666666,45.816002
Fiorentina,"CF, AMF",4.29,4.03,35.11,1.97,0.13,0.24,1.2,35.71,17.857,0.43,40.0,1.41,36.36,9.0,1.93,0.81,0.21,23.71,82.46,0.09,0.21,0.3,2.79,1.29,70.0,0.86,11.325520865821538,54.59,Italy 1.,97.14,40.505779999999994,16666666.666666666,43.354046
Fiorentina,"CF, RAMF",3.61,2.94,26.92,1.41,0.23,0.31,2.26,50.0,10.0,1.36,33.33,3.95,51.43,16.49,2.94,1.47,1.02,19.31,80.12,0.13,0.34,0.56,1.81,1.92,41.18,1.24,11.424944448717383,53.95,Italy 1.,97.14,40.030899999999995,16666666.666666666,43.021629999999995
Freiburg,CF,2.875,9.955,31.005000000000003,2.575,0.18,0.29500000000000004,1.71,39.17,10.369,0.44,21.43,0.875,32.065,6.845000000000001,3.125,0.65,0.06,14.93,69.965,0.085,0.025,0.235,1.47,0.9950000000000001,55.21,0.8,8.50064795064628,72.62,Germany 1.,94.29,53.884040000000006,6000000.0,63.43311371428571
Fulham,CF,2.545,8.985,41.644999999999996,2.255,0.46499999999999997,0.525,2.8499999999999996,44.185,18.0875,0.61,23.61,1.38,53.68,8.445,4.395,0.6950000000000001,0.245,14.594999999999999,73.36,0.05,0.14500000000000002,0.135,1.8599999999999999,0.6950000000000001,58.335,0.71,7.994274054191088,75.85,England 1.,100.0,56.28069999999998,12500000.0,54.396489999999986
Genk,CF,1.97,6.82,53.82,1.76,0.58,0.71,3.64,35.34,15.789,0.3,36.36,1.15,42.86,8.68,6.52,0.68,0.05,15.86,79.27,0.07,0.11,0.36,1.04,0.36,53.85,0.82,9.1646793795004,68.38,Belgium 1.,68.57,64.19801596,3650000.0,60.58146831485715
Genk,"CF, AMF",2.5,6.96,35.94,2.27,0.65,0.81,4.03,56.76,24.324,0.65,33.33,3.92,50.0,10.45,4.79,1.96,0.54,17.63,77.78,0.09,0.11,0.54,1.85,0.98,55.56,1.09,9.528144120394522,66.06,Belgium 1.,68.57,62.01990252,3650000.0,59.056788906857136
Genoa,CF,1.5,6.73,36.4,1.68,0.27,0.27,1.95,42.42,13.636,0.8,29.63,1.21,58.54,7.67,2.74,0.44,0.0,17.23,71.06,0.02,0.03,0.15,1.74,0.88,40.0,0.21,11.558556526254815,53.1,Italy 1.,97.14,39.4002,7625000.0,54.90156857142857
Genoa,"CF, LAMF",3.93,5.58,35.19,2.71,0.1,0.12,1.03,30.0,10.0,1.03,10.0,2.17,47.62,9.2,2.07,0.72,0.41,15.6,70.2,0.12,0.21,0.31,1.65,1.45,28.57,0.83,11.80383728399701,51.53,Italy 1.,97.14,38.23525999999999,7625000.0,54.08611057142856
Genoa,"CF, LWF, RW",6.34,4.16,47.76,4.1,0.12,0.13,1.8,13.79,6.897,2.48,30.0,4.35,52.86,13.17,2.92,1.68,0.5,17.45,65.48,0.24,0.12,0.62,1.8,1.93,45.16,0.75,13.027307468859572,43.72,Italy 1.,97.14,32.440239999999996,7625000.0,50.02959657142857
Genoa,"CF, RWF",2.25,4.77,32.35,1.36,0.14,0.43,2.39,41.18,5.882,0.56,75.0,1.12,75.0,9.97,3.37,1.26,0.28,14.32,75.49,0.1,0.14,0.14,1.26,0.56,75.0,0.42,12.944827433270959,44.25,Italy 1.,97.14,32.8335,7625000.0,50.304878571428574
Gent,CF,2.513333333333333,4.34,34.78333333333333,1.3399999999999999,0.2966666666666667,0.36000000000000004,1.9833333333333334,45.77333333333333,19.547,0.9500000000000001,30.046666666666667,1.6933333333333334,48.870000000000005,7.623333333333334,3.4633333333333334,1.0366666666666668,0.20666666666666667,18.926666666666666,72.08,0.10666666666666667,0.19999999999999998,0.45333333333333337,2.046666666666667,1.3399999999999999,66.29333333333334,0.8966666666666666,7.866554396681659,76.67,Belgium 1.,68.57,71.98101614000001,1075000.0,65.386711298
Gent,"CF, LWF",4.25,3.44,23.81,1.07,0.0,0.39,3.27,30.0,0.0,0.82,20.0,4.09,40.0,8.35,4.58,3.27,0.49,13.58,73.49,0.0,0.0,0.0,0.98,0.98,66.67,0.49,12.588185824250141,46.53,Belgium 1.,68.57,43.68431826,1075000.0,45.579022781999996
Getafe,CF,3.313333333333334,11.936666666666667,38.903333333333336,3.1,0.18333333333333335,0.22,1.43,50.79333333333333,14.814999999999998,0.5966666666666667,31.849999999999998,1.7566666666666666,49.833333333333336,8.646666666666667,2.526666666666667,0.38333333333333336,0.056666666666666664,13.463333333333333,74.45666666666666,0.023333333333333334,0.06333333333333334,0.07333333333333335,1.3666666666666665,0.8633333333333333,46.75,0.45,11.26655893475332,54.96,Spain 1.,94.29,40.780319999999996,4900000.0,49.546223999999995
Getafe,"CF, LAMF, LW",6.89,2.1,40.0,2.65,0.0,0.26,1.34,43.75,0.0,0.5,0.0,1.09,46.15,5.97,2.86,0.67,0.0,17.14,79.41,0.01,0.0,0.0,1.01,0.76,55.56,0.92,12.358925565450807,47.99,Spain 1.,94.29,35.608579999999996,4900000.0,45.926006
Getafe,"CF, LW",4.28,8.42,35.71,1.98,0.13,0.14,1.57,31.91,8.511,0.84,28.0,3.54,39.62,15.55,2.57,1.37,0.27,17.65,73.3,0.07,0.07,0.33,2.24,1.2,38.89,0.5,11.393993025739109,54.15,Spain 1.,94.29,40.17929999999999,4900000.0,49.12550999999999
Girona,CF,2.6033333333333335,3.2433333333333336,26.330000000000002,2.1666666666666665,0.32,0.3766666666666667,1.4966666666666664,48.339999999999996,24.906333333333333,0.39666666666666667,20.74,0.5766666666666667,52.94,4.11,2.9066666666666663,0.35333333333333333,0.10333333333333333,11.813333333333333,82.33,0.023333333333333334,0.06333333333333334,0.12666666666666668,0.7799999999999999,0.4166666666666667,52.379999999999995,0.43,11.275530736185212,54.91,Spain 1.,94.29,40.743219999999994,6860000.0,57.92025399999999
Girona,"CF, AMF, LAMF",4.34,2.56,26.92,1.8,0.1,0.11,0.69,57.14,14.286,1.68,35.29,1.38,57.14,4.63,2.37,1.38,0.39,20.9,80.19,0.14,0.0,0.39,1.38,1.77,50.0,0.99,12.914530365712759,44.44,Spain 1.,94.29,32.97447999999999,6860000.0,52.482136
Girona,"CF, LAMF, LW",2.99,0.37,42.86,1.49,0.21,0.25,1.81,50.0,11.765,3.31,35.48,6.72,60.32,11.04,4.05,4.48,0.43,22.73,78.17,0.14,0.11,0.59,1.71,3.25,52.46,0.96,13.709753297972583,39.37,Spain 1.,94.29,29.212539999999994,6860000.0,49.848777999999996
Heidenheim,CF,3.82,6.97,25.61,2.45,0.17,0.24,1.61,47.37,10.526,0.59,42.86,2.21,38.46,8.67,2.89,1.19,0.42,16.15,74.74,0.09,0.0,0.34,0.85,1.36,62.5,0.85,9.420780942779322,66.75,Germany 1.,94.29,49.528499999999994,1700000.0,49.66994999999999
Heidenheim,"CF, AMF",3.3,8.41,34.93,2.59,0.16,0.35,2.13,35.85,11.321,0.52,23.08,1.37,32.35,6.48,3.02,0.72,0.04,18.84,70.3,0.13,0.2,0.52,2.25,1.13,50.0,0.93,7.463639151985371,79.24,Germany 1.,94.29,58.796079999999996,1700000.0,56.157256
Heidenheim,"CF, LB, LAMF",4.54,3.83,40.74,4.76,0.35,0.27,1.98,39.29,17.857,2.41,47.06,1.91,59.26,6.17,2.41,2.06,0.21,27.57,75.32,0.11,0.0,0.14,2.41,1.91,51.85,0.28,11.535822482861109,53.25,Germany 1.,94.29,39.51149999999999,1700000.0,42.65804999999999
Hellas Verona,CF,3.473333333333333,8.143333333333333,30.573333333333334,1.8266666666666664,0.25333333333333335,0.3233333333333333,1.9666666666666668,32.23666666666667,15.276333333333332,0.6266666666666666,21.113333333333333,1.5933333333333335,58.77333333333333,7.62,3.0100000000000002,0.9800000000000001,0.14333333333333334,16.653333333333332,74.68666666666667,0.043333333333333335,0.08333333333333333,0.27,1.5566666666666666,0.8166666666666668,56.64333333333334,0.5766666666666667,10.290431670458434,61.2,Italy 1.,97.14,45.410399999999996,1425000.0,46.787279999999996
Hellas Verona,"CF, AMF, LWF",5.74,7.71,31.11,1.72,0.09,0.15,1.03,33.33,8.333,2.31,11.11,2.91,47.06,8.31,2.66,1.46,0.17,13.46,62.42,0.08,0.0,0.17,0.94,1.37,25.0,0.51,12.855791533757058,44.82,Italy 1.,97.14,33.25643999999999,1425000.0,38.27950799999999
Hoffenheim,CF,2.74,5.775,34.21,2.25,0.39,0.28,1.735,41.739999999999995,26.5215,0.505,22.5,1.18,27.775,6.875,3.515,0.39,0.0,16.884999999999998,71.59,0.02,0.06,0.1,1.2,0.77,42.86,0.505,8.986359412317416,69.52,Germany 1.,94.29,51.583839999999995,3600000.0,51.53725942857142
Hoffenheim,"CF, LAMF",2.99,8.44,37.5,2.5,0.0,0.14,1.76,40.0,0.0,0.35,0.0,1.05,66.67,8.44,4.57,0.35,0.0,15.47,75.0,0.07,0.0,0.18,0.7,0.53,100.0,1.05,12.569800639078252,46.64,Germany 1.,94.29,34.60688,3600000.0,39.65338742857142
Hoffenheim,"CF, LAMF, LWB",3.14,2.7,34.55,1.59,0.34,0.17,1.57,53.13,21.875,4.32,28.41,4.61,64.89,10.64,3.53,1.72,0.44,25.95,68.81,0.11,0.15,0.54,2.65,3.87,45.57,1.03,13.29404164615306,42.02,Germany 1.,94.29,31.17884,3600000.0,37.25375942857143
Hoffenheim,"CF, RAMF, AMF",3.69,4.31,46.39,2.36,0.36,0.28,2.49,42.86,14.286,1.15,30.77,3.11,64.29,11.1,3.86,2.04,0.22,21.53,74.23,0.12,0.04,0.49,2.58,1.64,72.97,1.07,9.979095483601789,63.18,Germany 1.,94.29,46.87956,3600000.0,48.24426342857143
Holstein Kiel,CF,3.9233333333333333,5.773333333333333,33.10333333333333,2.263333333333333,0.21,0.3233333333333333,1.9733333333333334,46.06999999999999,13.009666666666666,1.4133333333333333,43.44,2.65,38.28,9.256666666666668,3.0733333333333337,0.8333333333333334,0.3,14.88,63.71666666666667,0.11333333333333333,0.17333333333333334,0.52,1.7333333333333332,1.4466666666666665,60.74333333333334,0.8000000000000002,8.925597161605163,69.91,Germany 1.,94.29,51.87321999999999,1220000.0,51.31125399999999
Holstein Kiel,"CF, AMF",4.12,1.87,20.0,3.58,0.31,0.23,2.19,42.86,17.143,1.81,55.17,1.56,40.0,6.62,2.44,1.06,0.37,25.67,73.97,0.16,0.25,0.62,3.37,2.56,60.98,1.0,10.547198540082501,59.56,Germany 1.,94.29,44.19352,1220000.0,45.935463999999996
Holstein Kiel,"CF, LWF",2.62,3.29,33.33,2.15,0.38,0.32,1.94,50.0,23.913,1.65,38.46,1.27,53.33,5.15,2.37,0.97,0.3,23.4,73.29,0.13,0.25,0.42,2.49,1.73,53.66,0.68,9.650018415998113,65.28,Germany 1.,94.29,48.43776,1220000.0,48.906431999999995
Hull City,CF,3.31,4.8149999999999995,28.9,1.935,0.20500000000000002,0.24,1.22,50.925,20.486,0.06,0.0,1.6099999999999999,43.65,7.045,2.38,0.495,0.065,9.3,79.55000000000001,0.05,0.04,0.18,0.785,0.44,50.0,0.47,11.461923089304108,53.72,England 2.,71.43,48.806016719999995,1850000.0,49.164211703999996
Hull City,"CF, AMF, LCMF",7.02,4.85,42.55,3.59,0.31,0.23,1.03,50.0,30.0,0.21,0.0,0.52,60.0,5.37,1.86,0.83,0.1,27.04,83.59,0.06,0.41,0.1,4.33,1.14,72.73,1.14,14.065354976504068,37.1,England 2.,71.43,33.7063146,1850000.0,38.594420219999996
Hull City,"CF, LAMF",5.13,8.15,38.14,3.98,0.0,0.18,0.84,40.0,0.0,1.51,22.22,2.86,41.18,7.65,2.94,1.43,0.25,14.12,66.67,0.05,0.08,0.08,0.92,1.09,30.77,0.5,12.339694733349923,48.11,England 2.,71.43,43.70918586,1850000.0,45.596430102
Internazionale,CF,2.895,3.8875,44.5625,2.2775,0.3725,0.42000000000000004,2.1799999999999997,40.715,17.74475,0.5974999999999999,42.1525,1.595,57.4625,7.31,4.8575,1.1775,0.2175,20.4625,79.32,0.135,0.245,0.5825,1.4525,1.4649999999999999,65.42750000000001,1.6524999999999999,7.536893966464575,78.77,Italy 1.,97.14,58.44733999999999,39000000.0,55.91313799999999
Internazionale,"CF, AMF",3.57,2.92,25.93,2.47,0.22,0.21,1.3,50.0,16.667,0.87,37.5,1.41,69.23,4.77,3.57,2.27,0.22,39.1,89.47,0.17,0.32,0.43,4.77,1.84,82.35,1.95,15.611800997076248,27.22,Italy 1.,97.14,20.197239999999994,39000000.0,29.138067999999997
Ipswich Town,CF,2.775,5.695,46.575,1.3599999999999999,0.335,0.305,1.83,48.44,20.0895,0.44500000000000006,25.0,2.345,62.54,8.969999999999999,2.645,1.7049999999999998,0.315,10.605,64.755,0.035,0.065,0.23,0.895,0.8099999999999999,51.665,0.66,12.01012750110477,50.22,England 1.,100.0,37.263239999999996,6000000.0,51.7985537142857
Juventus,CF,3.095,3.25,29.565,1.4249999999999998,0.395,0.495,2.5549999999999997,48.0,23.143,1.02,23.335,3.085,45.349999999999994,9.345,4.795,1.13,0.060000000000000005,15.11,72.995,0.07,0.14500000000000002,0.395,0.96,0.9950000000000001,51.055,0.755,7.288329324543891,80.36,Italy 1.,97.14,59.62712,55000000.0,56.738983999999995
Kortrijk,CF,3.99,9.925,38.24,2.37,0.145,0.315,1.955,30.515,8.3335,0.81,17.145,3.16,47.75,11.81,3.365,1.25,0.475,14.815,69.86,0.015,0.085,0.09,1.145,0.77,44.0,0.51,10.697060982023954,58.6,Belgium 1.,68.57,55.01614119999999,566666.6666666666,53.511298839999995
Kortrijk,"CF, LWF",3.16,7.73,41.41,2.32,0.2,0.28,2.11,38.89,11.111,1.6,24.39,5.0,53.13,13.4,4.3,1.68,0.08,22.66,75.86,0.11,0.08,0.59,2.77,1.48,47.37,1.33,9.756569040930065,64.6,Belgium 1.,68.57,60.64919319999999,566666.6666666666,57.454435239999995
Las Palmas,CF,2.98,7.445,39.739999999999995,2.625,0.245,0.315,1.705,47.415,15.588999999999999,0.685,40.665,1.9249999999999998,49.445,8.605,3.49,0.9349999999999999,0.175,16.5,73.71,0.08499999999999999,0.09,0.265,1.325,0.845,59.910000000000004,0.6399999999999999,8.346111003740315,73.61,Spain 1.,94.29,54.618619999999986,5466666.666666667,61.66160542857142
Las Palmas,"CF, RAMF",3.47,6.32,41.67,2.65,0.0,0.29,1.58,40.0,0.0,1.16,27.27,0.84,50.0,5.68,3.47,0.42,0.0,17.16,72.39,0.01,0.0,0.11,0.95,0.84,37.5,0.21,11.463011407213918,53.71,Spain 1.,94.29,39.85282,5466666.666666667,51.32554542857143
Lazio,CF,3.01,5.22,44.97,2.27,0.28,0.52,3.43,41.84,10.204,1.19,29.41,1.82,44.23,5.67,4.9,0.88,0.18,17.78,72.24,0.11,0.42,0.49,2.49,1.23,37.14,0.91,7.864187367937315,76.69,Italy 1.,97.14,56.90397999999998,12500000.0,54.832785999999984
Lazio,"CF, LAMF",4.27,5.96,38.81,2.81,0.18,0.19,1.42,37.5,12.5,1.33,26.67,1.69,57.89,7.56,2.93,1.51,0.09,20.01,76.89,0.06,0.27,0.36,1.33,1.78,55.0,0.8,11.015140439569572,56.57,Italy 1.,97.14,41.97493999999999,12500000.0,44.382457999999986
Le Havre,CF,3.1799999999999997,5.515000000000001,36.79,1.865,0.20500000000000002,0.25,1.4649999999999999,44.72,18.611,0.25,11.11,0.635,44.285,5.615,2.21,0.055,0.0,13.05,82.3,0.030000000000000002,0.05,0.08,1.2149999999999999,0.33999999999999997,61.905,0.295,11.80801248378617,51.51,France 1.,91.43,38.22041999999999,1100000.0,41.75429399999999
Lecce,CF,2.03,7.09,34.88,1.21,0.25,0.37,3.44,32.0,8.8,0.33,16.67,2.09,46.05,9.7,3.24,1.35,0.33,15.61,70.42,0.07,0.16,0.3,1.54,0.93,47.06,0.69,9.655374673954142,65.25,Italy 1.,97.14,48.415499999999994,4100000.0,51.46227857142857
Lecce,"CF, LAMF",5.54,6.35,31.75,2.21,0.1,0.2,1.31,38.46,7.692,2.52,16.0,4.43,54.55,11.89,4.23,1.61,0.2,27.11,66.91,0.11,0.91,0.3,2.72,3.12,41.94,1.21,13.581032143758215,40.19,Italy 1.,97.14,29.82097999999999,4100000.0,38.446114571428566
Leeds United,CF,2.925,4.97,16.94,2.88,0.33499999999999996,0.465,2.44,42.56,14.061,0.5,31.665,1.46,41.0,8.059999999999999,3.4749999999999996,1.04,0.09,18.09,77.805,0.07,0.28500000000000003,0.33999999999999997,1.83,1.2149999999999999,63.655,0.9199999999999999,8.333187725027278,73.69,England 2.,71.43,66.94928094,7600000.0,74.29306808657142
Leganés,CF,3.7299999999999995,7.42,36.655,1.78,0.0,0.165,0.9349999999999999,45.97,1.613,0.285,16.665,0.975,71.62,7.105,1.775,0.48,0.045,12.04,64.36,0.045,0.14500000000000002,0.22,1.205,0.55,71.055,0.265,15.632444089491495,27.09,Spain 1.,94.29,20.100779999999997,3840000.0,30.527688857142856
Leganés,"CF, LWF",1.81,9.49,30.28,1.57,0.2,0.25,1.6,33.33,12.5,0.6,11.11,0.87,30.77,7.02,2.61,0.67,0.07,10.43,69.23,0.0,0.0,0.0,1.34,0.6,22.22,0.07,12.149489181237078,49.33,Spain 1.,94.29,36.60286,3840000.0,42.07914485714286
Leganés,"CF, LWF, AMF",3.84,3.84,28.57,1.74,0.37,0.15,1.74,47.37,21.053,1.1,33.33,2.47,55.56,10.6,1.37,0.82,0.09,22.84,78.8,0.04,0.09,0.27,2.19,1.74,52.63,0.64,12.914039243688638,44.45,Spain 1.,94.29,32.981899999999996,3840000.0,39.54447285714285
Leganés,"CF, RW, RAMF",5.49,1.28,13.79,3.25,0.18,0.33,1.9,37.21,18.605,1.37,61.29,4.43,61.0,13.68,1.55,1.9,0.31,23.86,75.14,0.23,0.44,0.84,3.76,2.66,50.0,1.06,14.449793318931503,34.64,Spain 1.,94.29,25.702879999999997,3840000.0,34.449158857142855
Leicester City,CF,2.31,3.6,40.83,1.19,0.21,0.31,1.5,50.0,16.0,0.63,23.81,0.78,69.23,2.82,2.97,0.6,0.09,9.79,76.07,0.1,0.0,0.42,0.63,0.45,73.33,0.6,12.17282446348307,49.18,England 1.,100.0,36.49155999999999,6500000.0,53.40123485714285
Leicester City,"CF, RWF, RW",5.77,4.51,32.56,1.58,0.1,0.15,1.15,36.36,9.091,0.42,0.0,1.36,38.46,4.93,2.41,1.05,0.31,14.48,76.09,0.0,0.1,0.0,1.05,0.63,16.67,0.1,13.428397926680267,41.16,England 1.,100.0,30.540719999999997,6500000.0,49.235646857142854
Lens,CF,2.38,4.475,32.355,1.585,0.36,0.425,2.7,40.915000000000006,13.575,0.34,14.285,2.4050000000000002,50.33,11.219999999999999,4.88,0.9550000000000001,0.15,16.05,77.50999999999999,0.08,0.0,0.28,1.185,0.84,61.925,0.98,7.70717120160746,77.69,France 1.,91.43,57.645979999999994,3000000.0,55.352185999999996
Lens,"CF, LW",4.82,2.68,40.0,1.09,0.27,0.28,1.52,41.18,17.647,0.71,25.0,1.79,45.0,6.07,3.57,1.43,0.09,21.25,81.09,0.09,0.27,0.27,1.7,1.88,61.9,1.52,9.176832303638164,68.31,France 1.,91.43,50.68601999999999,3000000.0,50.48021399999999
Lens,"CF, RW, LB",5.81,2.02,37.5,2.68,0.25,0.33,1.64,38.46,15.385,2.65,42.86,3.03,58.33,9.85,3.91,0.88,0.25,20.83,75.76,0.1,0.25,0.38,1.39,1.89,60.0,0.5,10.157540614423603,62.04,France 1.,91.43,46.03368,3000000.0,47.223575999999994
Lens,"CF, RW, RCMF",3.43,3.66,55.7,3.9,0.05,0.23,1.85,42.5,2.5,3.98,32.56,2.32,52.0,5.84,3.66,2.13,0.05,43.77,75.98,0.06,0.46,0.37,5.47,3.89,51.19,1.44,15.917883416691934,25.27,France 1.,91.43,18.750339999999998,3000000.0,28.125237999999996
Lille,CF,3.0999999999999996,2.875,39.705,1.98,0.28500000000000003,0.6200000000000001,2.2199999999999998,55.93,20.274,0.385,54.17,1.3599999999999999,67.405,6.795,3.7750000000000004,0.655,0.225,16.32,80.13499999999999,0.1,0.13,0.48,1.02,0.785,87.88,1.01,10.184688360790318,61.87,France 1.,91.43,45.90754,31000000.0,47.135278
Liverpool,CF,6.0,4.275,34.96,2.63,0.375,0.47,2.645,34.445,14.334,0.815,30.255,2.81,55.05,6.710000000000001,5.1899999999999995,1.965,0.54,17.025,75.46000000000001,0.1,0.1,0.33499999999999996,1.6600000000000001,0.95,42.565,0.915,8.113545190065516,75.09,England 1.,100.0,55.71677999999999,60000000.0,54.00174599999999
Luton Town,CF,3.58,10.725,43.12,2.84,0.165,0.36,1.7850000000000001,49.545,11.134,0.79,19.325,2.325,54.425,10.575,3.965,0.86,0.11000000000000001,14.219999999999999,73.35,0.045,0.04,0.135,1.04,0.985,34.75,0.585,9.425645393173705,66.72,England 2.,71.43,60.61685471999999,9666666.666666666,61.00322687542856
Luton Town,"CF, RW, AMF",3.06,8.46,29.13,2.87,0.27,0.29,2.07,29.03,12.903,0.93,35.71,1.8,44.44,9.46,3.66,0.67,0.2,13.92,74.16,0.03,0.07,0.13,0.67,0.6,66.67,0.73,9.33107232994042,67.32,England 2.,71.43,61.16197031999999,9666666.666666666,61.38480779542856
Mainz 05,CF,2.6799999999999997,7.475,29.549999999999997,1.82,0.48,0.5549999999999999,2.73,46.370000000000005,19.107,1.04,35.415,2.735,38.025000000000006,8.2,4.25,1.315,0.16999999999999998,17.395,76.53,0.11,0.1,0.385,1.255,1.135,52.585,0.75,5.918742261725816,89.1,Germany 1.,94.29,66.11219999999999,7000000.0,76.27853999999999
Mainz 05,"CF, RWF, AMF",4.42,4.21,31.71,1.61,0.21,0.31,2.36,30.43,8.696,0.92,44.44,4.52,38.64,11.71,3.6,2.26,0.41,19.11,72.58,0.07,0.1,0.31,1.44,1.23,50.0,0.92,9.821208762491002,64.19,Germany 1.,94.29,47.628979999999984,7000000.0,63.340285999999985
Mallorca,CF,2.495,9.2,42.599999999999994,2.38,0.24000000000000002,0.345,1.7000000000000002,41.21,18.384,0.615,21.425,1.015,45.835,9.675,3.485,0.385,0.025,14.48,72.68,0.065,0.04,0.29500000000000004,1.4,0.515,43.75,0.56,8.241123500872641,74.28,Spain 1.,94.29,55.11575999999999,4700000.0,58.72388914285713
Mallorca,"CF, AMF",1.68,7.81,31.37,2.0,0.15,0.39,1.68,54.55,18.182,0.0,0.0,0.31,50.0,8.72,2.3,0.0,0.0,10.56,72.46,0.04,0.0,0.0,1.38,0.31,100.0,0.61,11.59792771893594,52.85,Spain 1.,94.29,39.2147,4700000.0,47.59314714285714
Mallorca,"CF, AMF, LW",6.91,2.93,45.33,3.56,0.16,0.13,1.17,30.0,13.333,1.91,40.82,2.27,56.9,7.93,1.72,1.48,0.43,23.52,77.74,0.14,0.27,0.31,2.77,2.38,45.9,0.51,13.428915745821909,41.16,Spain 1.,94.29,30.540719999999997,4700000.0,41.52136114285714
Manchester City,CF,1.82,3.76,51.61,1.72,0.58,0.65,3.12,57.28,21.359,0.21,28.57,1.03,52.94,4.76,4.91,0.55,0.18,10.01,71.52,0.06,0.03,0.3,0.39,0.46,66.67,0.88,9.026331980751506,69.27,England 1.,100.0,51.39833999999999,101000000.0,50.97883799999999
Manchester City,"CF, AMF, RAMF",4.86,1.09,26.67,2.79,0.51,0.34,3.48,37.5,14.583,1.02,35.71,3.63,50.0,10.3,4.28,2.61,0.51,22.26,82.08,0.18,0.07,0.44,0.94,2.54,74.29,1.67,9.74964328550722,64.65,England 1.,100.0,47.970299999999995,101000000.0,48.579209999999996
Manchester United,CF,1.8,5.7,25.9,0.84,0.16,0.23,1.19,51.72,13.793,0.49,33.33,1.72,47.62,8.98,2.83,0.86,0.21,12.01,80.2,0.06,0.12,0.29,0.82,0.49,50.0,0.25,11.763085550825123,51.79,England 1.,100.0,38.42818,57500000.0,41.899726
Manchester United,"CF, AMF",2.52,4.37,20.51,3.14,0.17,0.24,1.4,44.0,12.0,0.45,25.0,2.13,47.37,9.25,2.41,0.79,0.22,22.09,77.66,0.06,0.45,0.17,2.41,0.9,43.75,0.56,11.764832036384284,51.78,England 1.,100.0,38.420759999999994,57500000.0,41.894532
Mechelen,CF,3.575,3.64,31.915,1.295,0.54,0.52,2.755,56.455,19.1605,1.72,26.009999999999998,2.08,51.89,6.795,5.43,1.1600000000000001,0.395,17.28,70.86,0.15,0.02,0.32999999999999996,1.45,1.38,48.595,1.06,6.90249778334764,82.82,Belgium 1.,68.57,77.75489443999999,975000.0,69.428426108
Middlesbrough,CF,2.84,4.89,36.19,2.33,0.42,0.51,2.47,49.06,20.755,0.33,0.0,1.86,47.5,6.7,3.91,0.74,0.28,11.31,78.19,0.1,0.14,0.23,0.98,0.88,68.42,1.12,7.030485520219279,82.01,England 2.,71.43,74.50821726,2000000.0,67.15575208199999
Middlesbrough,"CF, AMF",1.94,1.45,17.07,1.7,0.39,0.47,2.08,47.46,22.034,0.92,11.54,2.51,59.15,6.5,4.38,1.06,0.18,16.78,85.47,0.07,0.04,0.39,0.74,0.81,60.87,1.06,10.406221077298358,60.46,England 2.,71.43,54.92948196,2000000.0,53.450637371999996
Milan,CF,2.5149999999999997,4.01,31.255000000000003,3.025,0.38,0.5349999999999999,2.16,42.290000000000006,17.884999999999998,0.355,43.335,1.9100000000000001,41.185,6.15,3.47,0.9600000000000001,0.125,12.469999999999999,77.08500000000001,0.07,0.23,0.32999999999999996,1.02,0.7,63.46,0.7949999999999999,7.51544079659099,78.91,Italy 1.,97.14,58.551219999999994,23250000.0,55.985853999999996
Milan,"CF, AMF",3.135,3.17,39.019999999999996,1.5099999999999998,0.33499999999999996,0.355,1.8,35.489999999999995,18.7065,0.835,30.555,1.205,38.335,5.865,3.6449999999999996,0.715,0.21999999999999997,19.155,81.105,0.05,0.19,0.26,2.4850000000000003,1.38,52.644999999999996,0.815,8.681234661627244,71.47,Italy 1.,97.14,53.03073999999999,23250000.0,52.12151799999999
Millwall,CF,2.99,6.81,25.695,2.06,0.195,0.275,1.465,43.75,12.5,0.8999999999999999,10.0,1.3050000000000002,56.58,6.905,2.73,0.61,0.21500000000000002,9.71,63.47,0.045,0.03,0.09,0.905,0.385,20.0,0.4,12.479148738195851,47.22,England 2.,71.43,42.90059771999999,733333.3333333334,45.03041840399999
Millwall,"CF, AMF",2.88,12.86,37.76,2.66,0.42,0.34,1.75,56.52,26.087,0.68,16.67,0.95,44.0,6.49,3.19,0.27,0.04,13.05,62.21,0.04,0.08,0.11,1.33,0.8,33.33,0.61,9.762007174132204,64.57,England 2.,71.43,58.663523819999995,733333.3333333334,56.064466673999995
Monaco,CF,2.21,3.5500000000000003,26.909999999999997,1.3066666666666666,0.5466666666666666,0.53,2.686666666666666,48.74666666666667,21.721333333333334,0.9700000000000001,29.74333333333333,2.2866666666666666,39.14333333333334,9.433333333333332,5.010000000000001,0.9899999999999999,0.15,13.636666666666665,72.30666666666667,0.14333333333333334,0.09333333333333334,0.5333333333333333,1.0966666666666667,1.1133333333333333,49.800000000000004,1.0766666666666667,5.711657637337103,90.43,France 1.,91.43,67.09906,12250000.0,61.96934199999999
Monaco,"CF, AMF",3.61,3.21,38.89,1.82,0.27,0.47,2.23,38.0,12.0,0.54,33.33,2.54,47.37,12.05,4.24,0.62,0.18,18.25,73.11,0.14,0.4,0.54,1.7,1.7,52.63,1.43,6.98552605785813,82.29,France 1.,91.43,61.05918,12250000.0,57.741426
Montpellier,CF,3.375,5.692500000000001,34.085,1.145,0.07500000000000001,0.215,1.9275,36.349999999999994,4.01825,1.17,22.7475,1.6,61.41,7.6850000000000005,2.6550000000000002,0.845,0.0925,15.6975,71.4975,0.04,0.1575,0.2125,1.835,1.32,45.552499999999995,0.53,12.40566261715225,47.69,France 1.,91.43,35.385979999999996,3950000.0,41.698757428571426
Monza,CF,2.125,3.81,24.0,1.545,0.135,0.165,1.39,17.855,7.143,0.51,50.0,2.215,57.61,11.620000000000001,2.375,1.9000000000000001,0.27,20.655,81.055,0.030000000000000002,0.135,0.135,1.925,1.1400000000000001,45.835,0.4,13.914631552293491,38.06,Italy 1.,97.14,28.24052,3500000.0,34.768364
Monza,"CF, AMF",3.03,6.33,43.95,2.81,0.2,0.22,1.45,33.33,13.889,1.77,27.27,2.34,56.9,7.34,2.62,1.82,0.44,20.53,78.59,0.04,0.12,0.24,1.33,1.73,53.49,0.69,11.555444255770622,53.12,Italy 1.,97.14,39.41503999999999,3500000.0,42.59052799999999
Monza,"CF, AMF, LWF",3.23,1.36,11.11,1.45,0.05,0.18,1.26,40.0,12.0,1.82,33.33,2.47,42.86,9.43,1.71,1.71,0.4,32.92,84.53,0.08,0.35,0.2,3.18,2.67,50.94,0.91,15.152789494434627,30.15,Italy 1.,97.14,22.371299999999994,3500000.0,30.659909999999996
Nantes,CF,4.9,7.68,45.38,2.77,0.32,0.36,2.52,38.46,12.821,0.26,0.0,1.68,34.62,9.61,3.94,0.77,0.52,14.13,71.69,0.01,0.19,0.19,1.68,0.84,53.85,0.58,9.064851943022973,69.02,France 1.,91.43,51.21283999999999,8000000.0,61.56327371428571
Nantes,"CF, RWF",2.42,4.77,34.18,1.47,0.24,0.27,1.99,37.88,13.636,1.54,17.65,3.5,56.9,11.54,3.72,2.11,0.73,15.53,71.01,0.08,0.12,0.33,1.36,1.06,40.0,0.6,10.608746541395766,59.16,France 1.,91.43,43.89671999999999,8000000.0,56.441989714285704
Napoli,CF,3.28,4.945,30.93,2.73,0.245,0.41500000000000004,2.095,32.185,14.809000000000001,0.415,25.0,1.23,54.125,11.355,3.425,1.07,0.32499999999999996,14.74,77.05,0.095,0.185,0.335,1.22,0.9550000000000001,47.355000000000004,0.92,8.312263340614951,73.82,Italy 1.,97.14,54.77443999999999,21666666.666666668,53.34210799999999
Napoli,"CF, LWF, AMF",3.54,1.33,11.11,3.11,0.44,0.3,2.95,37.5,15.0,1.84,40.0,1.84,64.0,6.64,3.61,0.96,0.37,25.89,76.35,0.2,0.22,0.3,3.02,1.92,46.15,0.52,12.101898647351842,49.63,Italy 1.,97.14,36.82545999999999,21666666.666666668,40.77782199999999
Newcastle United,CF,2.76,3.56,17.72,1.54,0.285,0.38,1.875,33.915,12.5,0.935,40.28,2.13,47.84,7.4,4.165,1.5150000000000001,0.42000000000000004,14.65,73.845,0.11,0.18,0.24,1.295,0.94,26.785,0.66,9.2497491929196,67.84,England 1.,100.0,50.33727999999999,44000000.0,50.23609599999999
Nice,CF,3.36,4.41,42.71,1.88,0.32,0.56,3.03,36.36,16.667,2.02,22.73,2.48,50.0,6.44,5.15,1.01,0.46,21.19,73.1,0.2,0.23,0.6,1.29,1.98,37.21,0.78,7.4901164329696845,79.07,France 1.,91.43,58.66993999999998,9333333.333333334,61.06895799999998
Nice,"CF, RWF, LWF",3.91,2.32,33.33,2.01,0.15,0.2,1.65,46.88,9.375,2.88,25.0,5.51,56.07,12.36,3.5,3.81,1.13,23.53,75.05,0.17,0.36,0.62,1.44,3.35,58.46,1.6,13.380317354808371,41.47,France 1.,91.43,30.770739999999993,9333333.333333334,41.53951799999999
Nice,"CF, RWF, RW",4.22,2.25,45.71,2.18,0.39,0.29,1.8,46.43,21.429,1.51,36.17,4.64,61.11,14.65,3.7,2.61,0.35,17.96,77.96,0.14,0.26,0.55,1.87,1.71,62.26,1.19,10.656432220819198,58.86,France 1.,91.43,43.674119999999995,9333333.333333334,50.57188399999999
Norwich City,CF,1.88,3.17,36.46,1.92,0.46,0.39,1.92,50.0,25.862,0.36,54.55,1.42,53.49,5.42,2.94,1.16,0.23,13.57,83.21,0.08,0.1,0.3,0.89,0.83,80.0,0.76,9.924712920831944,63.53,England 2.,71.43,57.71865677999999,7400000.0,68.68877403171427
Norwich City,"CF, RWF",2.31,1.58,15.38,1.48,0.0,0.19,1.82,13.33,0.0,4.62,15.79,6.56,68.52,15.55,4.37,3.64,0.49,21.26,66.29,0.12,0.0,0.85,0.97,2.55,42.86,1.09,16.53883897500167,21.31,England 2.,71.43,19.36068906,7400000.0,41.83819662771428
Nottingham Forest,CF,2.455,7.215,23.990000000000002,1.235,0.32,0.355,1.6,49.205,21.4285,0.185,50.0,1.155,45.835,8.03,2.795,0.6900000000000001,0.04,13.37,70.955,0.035,0.095,0.15000000000000002,1.13,0.5549999999999999,72.795,0.45999999999999996,10.530753243700008,59.66,England 1.,100.0,44.26772,17500000.0,45.987404
OH Leuven,CF,3.265,6.285,38.34,1.82,0.105,0.27,1.695,20.52,5.8825,0.475,26.785,2.235,43.21,13.91,3.205,1.385,0.575,12.219999999999999,72.8,0.09,0.09,0.33,1.27,1.045,55.185,0.8200000000000001,9.929783271190443,63.5,Belgium 1.,68.57,59.61646700000001,1533333.3333333333,56.731526900000006
OH Leuven,"CF, RWF, AMF",4.34,4.24,39.02,2.84,0.1,0.22,2.59,40.0,4.0,1.45,50.0,1.34,38.46,6.72,3.62,0.41,0.1,17.9,72.25,0.07,0.41,0.21,2.07,1.45,50.0,0.72,9.991321730565884,63.11,Belgium 1.,68.57,59.25031862000001,1533333.3333333333,56.475223034
Olympique Lyonnais,CF,3.61,2.17,24.07,2.22,0.4,0.65,2.25,66.07,26.786,1.44,41.67,2.09,63.46,7.78,4.65,0.52,0.04,21.63,73.65,0.1,0.12,0.56,1.77,1.69,59.52,1.2,8.936795624609196,69.84,France 1.,91.43,51.821279999999994,14500000.0,51.27489599999999
Olympique Lyonnais,"CF, LAMF",2.2,2.57,20.83,2.92,0.43,0.59,2.84,49.06,20.755,1.66,12.9,3.86,37.5,9.7,5.47,1.66,0.32,23.16,78.24,0.19,0.16,0.59,1.23,1.66,41.94,1.55,7.267923376632264,80.49,France 1.,91.43,59.723579999999984,14500000.0,56.806505999999985
Olympique Marseille,CF,3.16,1.98,21.67,1.25,0.29500000000000004,0.515,1.77,59.41,22.157,0.22000000000000003,0.0,1.0350000000000001,50.0,8.274999999999999,3.33,0.81,0.15000000000000002,18.5,83.145,0.115,0.08,0.34500000000000003,1.4849999999999999,0.61,62.5,0.6799999999999999,9.36574121551171,67.1,France 1.,91.43,49.78819999999999,24000000.0,49.85173999999999
Olympique Marseille,"CF, AMF",3.49,1.57,25.0,1.54,0.51,0.45,3.02,51.95,16.883,0.59,33.33,2.75,45.71,8.29,4.28,1.96,0.31,24.78,85.26,0.15,0.16,0.43,1.77,1.18,73.33,1.37,8.849923757970783,70.39,France 1.,91.43,52.22938,24000000.0,51.560565999999994
Osasuna,CF,2.09,8.7,43.51,2.16,0.37,0.57,2.46,42.53,24.138,0.23,12.5,1.19,30.95,6.5,3.56,0.31,0.08,9.07,69.78,0.04,0.03,0.2,0.88,0.54,52.63,0.45,8.158795767042813,74.8,Spain 1.,94.29,55.50159999999998,4500000.0,58.13683428571427
Osasuna,"CF, AMF",3.3,4.27,36.36,2.13,0.39,0.32,2.23,47.83,17.391,0.68,14.29,2.04,38.1,6.89,3.11,1.07,0.1,15.63,75.16,0.04,0.0,0.1,1.36,0.78,50.0,0.29,8.934002243973167,69.86,Spain 1.,94.29,51.836119999999994,4500000.0,55.57099828571428
Oxford United,CF,3.06,7.633333333333333,22.94666666666667,1.5933333333333335,0.19333333333333333,0.20333333333333334,1.25,44.44333333333333,18.889,0.26,22.22,1.2300000000000002,40.74333333333333,7.246666666666666,1.78,0.5966666666666667,0.11,10.863333333333335,73.42666666666666,0.01,0.05333333333333334,0.03,1.0633333333333332,0.39666666666666667,40.38333333333333,0.25333333333333335,12.84877624352647,44.86,England 2.,71.43,40.75647635999999,1033333.3333333334,43.529533451999995
PSG,CF,1.885,1.8399999999999999,73.91499999999999,1.3599999999999999,0.44,0.84,3.5250000000000004,61.824999999999996,14.4845,1.235,31.369999999999997,1.42,51.265,4.405,5.88,1.02,0.20500000000000002,30.185000000000002,85.18,0.135,0.34,0.75,2.795,1.885,48.900000000000006,1.575,13.167997655716276,42.83,France 1.,91.43,31.779859999999996,38333333.333333336,37.245902
PSG,"CF, RW",4.71,3.21,73.33,0.86,0.21,0.77,2.79,53.85,15.385,0.64,66.67,4.07,42.11,10.71,5.57,0.43,0.21,16.29,80.26,0.25,0.21,0.86,0.86,0.64,66.67,1.93,12.055357936026523,49.93,France 1.,91.43,37.04805999999999,38333333.333333336,40.93364199999999
Parma,CF,2.6,9.796666666666667,46.06666666666666,1.7766666666666666,0.24666666666666667,0.29333333333333333,1.7633333333333334,46.553333333333335,15.948333333333332,0.3766666666666667,18.333333333333332,1.4733333333333334,72.35000000000001,9.976666666666667,2.7266666666666666,0.6833333333333332,0.07,14.343333333333334,70.82333333333334,0.04666666666666666,0.09000000000000001,0.15,1.7999999999999998,0.6466666666666666,57.93333333333334,0.5233333333333333,12.532681815805791,46.88,Italy 1.,97.14,34.78496,3166666.6666666665,39.349472
Plymouth Argyle,CF,3.045,7.085000000000001,29.825000000000003,1.965,0.39,0.115,1.0899999999999999,70.83500000000001,35.4165,0.8799999999999999,19.645,0.62,46.665,6.92,1.8699999999999999,0.48,0.085,11.745000000000001,54.465,0.03,0.16,0.145,1.94,0.8250000000000001,16.665,0.5449999999999999,14.68910151635624,33.11,England 2.,71.43,30.081295859999994,1380000.0,36.056907102
Plymouth Argyle,"CF, AMF",4.18,7.93,33.18,2.59,0.36,0.19,1.26,54.29,28.571,1.37,39.47,1.84,37.25,6.52,2.34,1.22,0.36,18.55,72.43,0.1,0.22,0.5,2.13,1.87,50.0,0.54,9.756054266007412,64.61,England 2.,71.43,58.69986485999999,1380000.0,56.08990540199999
Plymouth Argyle,"CF, LWF, LW",3.29,3.64,9.43,1.8,0.14,0.15,1.1,31.25,12.5,0.62,55.56,1.71,52.0,6.93,1.92,0.55,0.14,14.06,75.12,0.06,0.21,0.14,0.96,0.96,50.0,0.27,14.198322849706802,36.25,England 2.,71.43,32.9340675,1380000.0,38.05384725
Plymouth Argyle,"CF, RWF",3.47,6.79,21.74,1.92,0.26,0.4,1.99,40.74,18.519,0.85,8.7,1.18,40.63,4.09,3.69,0.74,0.11,8.04,61.93,0.03,0.04,0.22,0.77,0.63,41.18,0.37,10.684682811029559,58.68,England 2.,71.43,53.31230568,1380000.0,52.318613976
Portsmouth,CF,3.79,13.25,27.905,2.54,0.32999999999999996,0.32,1.5150000000000001,44.53,25.377499999999998,0.245,4.545,0.41,43.59,5.375,2.71,0.03,0.0,12.51,60.364999999999995,0.015,0.165,0.125,1.5099999999999998,0.725,37.875,0.355,11.720431010572911,52.07,England 2.,71.43,47.306948819999995,358333.3333333333,48.114864174
Portsmouth,"CF, AMF",2.73,8.34,34.48,0.95,0.0,0.06,0.72,0.0,0.0,0.86,33.33,2.3,50.0,9.92,2.3,1.01,0.0,9.63,67.16,0.01,0.0,0.29,0.86,0.58,50.0,0.14,15.564798442096668,27.52,England 2.,71.43,25.00263552,358333.3333333333,32.501844864
Preston North End,CF,2.225,4.56,25.58,1.4249999999999998,0.37,0.315,1.75,46.54,21.731,0.5,17.045,1.5799999999999998,48.19,7.965,2.69,0.825,0.21,11.075,70.395,0.03,0.03,0.175,0.7250000000000001,0.6799999999999999,43.33,0.37,10.67161418072918,58.76,England 2.,71.43,53.38498776,2620000.0,52.369491432
Preston North End,"CF, AMF",3.5,4.43,22.58,2.66,0.21,0.2,0.71,50.0,30.0,0.21,33.33,0.43,66.67,4.86,1.86,0.21,0.0,20.87,81.16,0.09,0.07,0.29,2.14,0.5,42.86,0.29,13.976479072445569,37.66,England 2.,71.43,34.21508915999999,2620000.0,38.950562412
Preston North End,"CF, AMF, LCMF",6.98,2.59,21.259999999999998,2.88,0.085,0.14,1.5350000000000001,27.0,8.4385,2.395,38.165,2.275,42.75,8.485,1.8900000000000001,1.97,0.29500000000000004,30.14,74.145,0.15500000000000003,0.40499999999999997,0.58,4.625,3.1550000000000002,47.415,0.9950000000000001,13.909526606500703,38.09,England 2.,71.43,34.605755339999995,2620000.0,39.224028737999994
Queens Park Rangers,CF,3.075,7.405,28.42,1.8450000000000002,0.25,0.33499999999999996,1.89,40.285,16.857,0.29500000000000004,30.95,0.8400000000000001,50.595,6.4399999999999995,2.7800000000000002,0.545,0.07,13.04,74.155,0.030000000000000002,0.045,0.095,1.24,0.365,53.335,0.495,10.412307324824981,60.42,England 2.,71.43,54.89314091999999,1375000.0,53.42519864399999
Queens Park Rangers,"CF, LAMF",4.625,8.06,30.115000000000002,2.7350000000000003,0.29500000000000004,0.185,1.785,30.195,16.233999999999998,0.89,23.375,3.185,44.84,11.36,2.585,1.2,0.55,15.05,75.15,0.045,0.05,0.25,1.04,0.545,52.78,0.4,10.944763991923166,57.02,England 2.,71.43,51.80415252,1375000.0,51.262906764
RB Leipzig,CF,2.2399999999999998,3.74,44.355000000000004,1.9500000000000002,0.35,0.33,2.455,44.495000000000005,16.0775,1.095,33.675,3.375,48.715,10.245000000000001,3.71,1.37,0.405,19.22,71.425,0.08,0.175,0.37,1.615,1.24,39.739999999999995,0.7849999999999999,8.637667126812818,71.75,Germany 1.,94.29,53.238499999999995,55000000.0,52.266949999999994
Rayo Vallecano,CF,4.19,5.453333333333333,27.996666666666666,3.106666666666667,0.14666666666666667,0.31,1.6133333333333333,39.166666666666664,10.0,0.6433333333333333,34.28666666666667,1.3566666666666667,46.03,7.916666666666667,3.1,0.7000000000000001,0.17,16.263333333333332,74.70666666666666,0.043333333333333335,0.07333333333333333,0.21666666666666667,1.19,0.9833333333333334,47.776666666666664,0.6333333333333333,9.68045396047929,65.09,Spain 1.,94.29,48.29678,1766666.6666666667,48.807745999999995
Real Betis,CF,3.6966666666666668,4.636666666666667,28.349999999999998,2.19,0.2866666666666667,0.3466666666666667,2.5766666666666667,41.833333333333336,10.888333333333334,0.7000000000000001,32.97666666666667,2.2266666666666666,42.04666666666667,8.51,3.3366666666666664,1.2566666666666666,0.24,14.926666666666664,74.70666666666666,0.03666666666666667,0.13333333333333333,0.12,1.4666666666666668,1.26,59.800000000000004,0.6366666666666666,9.218475550908495,68.04,Spain 1.,94.29,50.485679999999995,12125000.0,50.33997599999999
Real Betis,"CF, RAMF, LAMF",3.69,2.88,36.0,2.82,0.23,0.31,1.96,64.71,11.765,3.35,31.03,2.54,59.09,8.08,3.92,1.15,0.0,24.92,73.61,0.2,0.12,0.69,1.5,3.12,48.15,1.04,9.996678323835317,63.07,Spain 1.,94.29,46.79793999999999,12125000.0,47.758557999999994
Real Madrid,CF,2.27,1.3099999999999998,43.18,1.185,0.43999999999999995,0.635,4.455,43.945,11.781500000000001,1.095,12.5,5.26,43.705,10.535,5.965,3.1900000000000004,0.7150000000000001,22.52,81.79499999999999,0.11000000000000001,0.115,0.42500000000000004,1.645,1.785,58.335,1.605,11.91237104522054,50.84,Spain 1.,94.29,37.723279999999995,120000000.0,41.406296
Real Madrid,"CF, LAMF, LWF",3.24,0.41,18.18,1.2,0.34,0.49,2.83,34.21,14.474,3.2,32.56,9.88,51.32,16.92,5.66,7.04,1.19,32.5,75.92,0.28,0.89,1.01,3.2,2.98,51.25,1.68,19.87628936907176,0.0,Spain 1.,94.29,0.0,120000000.0,15.0
Real Sociedad,CF,2.515,6.045,26.37,2.79,0.225,0.355,1.4500000000000002,43.055,20.8335,0.72,33.33,1.1,43.765,6.555,3.0,0.655,0.02,15.739999999999998,72.16499999999999,0.02,0.14,0.11,1.175,0.895,53.0,0.54,9.864313171067373,63.92,Spain 1.,94.29,47.42864,25000000.0,48.200048
Real Valladolid,CF,3.215,8.365,49.525,1.4649999999999999,0.12000000000000001,0.27,1.585,28.47,7.3385,0.15000000000000002,25.0,1.51,46.43,8.23,2.38,0.6,0.07,10.695,75.25,0.02,0.2,0.16499999999999998,1.245,0.53,58.57,0.405,11.985672665237358,50.37,Spain 1.,94.29,37.37453999999999,2100000.0,41.16217799999999
Real Valladolid,"CF, LW",2.68,6.23,36.36,1.47,0.05,0.27,0.98,36.84,26.316,0.67,15.38,1.08,52.38,5.92,1.6,0.88,0.15,11.48,67.26,0.04,0.05,0.21,0.98,0.51,60.0,0.31,12.887467413509272,44.62,Spain 1.,94.29,33.10803999999999,2100000.0,38.17562799999999
Reims,CF,4.51,6.366666666666667,28.333333333333332,2.14,0.14333333333333334,0.21,1.3633333333333333,23.28,10.052999999999999,0.3666666666666667,10.256666666666666,1.9166666666666667,45.85333333333333,9.036666666666667,3.0400000000000005,1.05,0.18999999999999997,13.01,74.33333333333333,0.08666666666666667,0.10333333333333333,0.22999999999999998,1.08,0.4466666666666667,20.37,0.48,10.747781789098722,58.28,France 1.,91.43,43.243759999999995,1000000.0,45.27063199999999
Reims,"CF, AMF",4.29,0.97,20.0,0.52,0.0,0.26,1.75,33.33,0.0,1.56,25.0,3.51,38.89,8.96,3.9,2.14,0.58,15.78,80.25,0.03,0.0,0.58,1.95,1.17,33.33,0.97,12.276795551790572,48.52,France 1.,91.43,36.00184,1000000.0,40.201288
Rennes,CF,1.8900000000000001,3.73,33.375,1.225,0.345,0.45999999999999996,2.065,46.435,20.1925,0.65,11.765,2.89,44.905,11.23,3.4000000000000004,1.045,0.175,15.75,73.38499999999999,0.08499999999999999,0.09,0.155,0.885,1.0350000000000001,46.43,0.62,8.073829897397616,75.35,France 1.,91.43,55.90969999999999,9333333.333333334,59.13678999999999
Rennes,"CF, RAMF, RW",2.96,1.65,29.41,1.59,0.15,0.25,1.84,34.21,7.895,1.21,24.0,5.33,48.18,13.04,3.44,4.12,0.58,20.32,79.95,0.12,0.15,0.34,1.45,1.7,54.29,1.41,11.750329410294977,51.88,France 1.,91.43,38.49496,9333333.333333334,46.94647199999999
Roma,CF,2.92,4.875,33.78,1.71,0.32499999999999996,0.44,2.1,43.93,17.143,0.355,0.0,1.4300000000000002,41.31,8.864999999999998,4.12,1.15,0.35,16.795,79.05,0.060000000000000005,0.165,0.495,0.875,0.73,59.34,1.18,7.135667613667027,81.34,Italy 1.,97.14,60.354279999999996,20000000.0,57.24799599999999
Roma,"CF, AMF, RWF",2.47,1.39,39.13,1.71,0.18,0.35,2.83,36.17,12.766,1.63,37.04,3.92,60.0,11.69,3.49,2.35,0.48,39.52,85.37,0.31,0.12,0.84,4.16,3.55,54.24,1.99,15.103679627380787,30.47,Italy 1.,97.14,22.608739999999994,20000000.0,30.826117999999994
Saint-Étienne,CF,4.095,5.515000000000001,29.765,1.9000000000000001,0.37,0.385,1.845,41.985,22.8845,0.9650000000000001,25.0,1.7,56.335,8.03,3.4749999999999996,0.81,0.21000000000000002,18.92,74.625,0.045,0.16,0.30000000000000004,1.0699999999999998,1.02,36.825,0.57,9.190403960827355,68.22,France 1.,91.43,50.61923999999999,1250000.0,50.43346799999999
Sevilla,CF,4.95,5.25,42.18,2.92,0.175,0.28500000000000003,2.04,30.634999999999998,8.5455,0.735,29.71,1.58,48.61,8.235,3.4850000000000003,0.62,0.095,14.219999999999999,71.525,0.025,0.175,0.135,1.21,0.99,37.31,0.29000000000000004,10.348275798110208,60.83,Spain 1.,94.29,45.135859999999994,10000000.0,48.737959142857136
Sevilla,"CF, LWF",1.64,4.31,33.33,0.94,0.0,0.35,1.64,12.5,0.0,0.21,0.0,0.62,66.67,4.92,2.26,0.62,0.0,14.35,77.14,0.02,0.0,0.0,0.62,0.21,100.0,0.41,14.841386227903,32.14,Spain 1.,94.29,23.847879999999996,10000000.0,33.83637314285714
Sheffield United,CF,2.14,6.803333333333334,40.03333333333333,2.0533333333333332,0.31333333333333335,0.4066666666666667,2.31,46.46333333333333,15.536000000000001,0.9033333333333333,28.596666666666664,1.29,59.673333333333325,6.253333333333333,3.6799999999999997,0.84,0.10333333333333335,12.31,73.95333333333333,0.06666666666666667,0.05333333333333334,0.29,0.9433333333333334,0.6733333333333333,66.05333333333333,0.62,9.23426279292519,67.94,England 2.,71.43,61.72525643999999,2600000.0,58.20767950799999
Sheffield Wednesday,CF,2.86,10.42,53.16,2.98,0.31,0.32,2.2,46.0,16.0,0.53,33.33,0.35,25.0,6.11,3.34,0.22,0.04,16.39,68.36,0.07,0.26,0.35,1.49,0.97,50.0,0.66,8.712031444899317,71.27,England 2.,71.43,64.75064802,1350000.0,60.325453614
Sheffield Wednesday,"CF, AMF",5.22,3.71,36.36,2.95,0.25,0.28,1.52,27.78,16.667,0.67,25.0,1.85,31.82,7.16,3.12,1.26,0.17,15.76,81.28,0.01,0.0,0.25,2.36,0.67,50.0,0.51,10.429998887791555,60.31,England 2.,71.43,54.79320306,1350000.0,53.355242142
Sheffield Wednesday,"CF, LWF",2.64,6.72,18.69,2.13,0.0,0.19,1.01,25.0,0.0,0.19,33.33,1.32,33.33,6.6,2.14,0.57,0.0,11.06,81.25,0.04,0.0,0.13,0.63,0.57,88.89,0.69,13.68115437133442,39.55,England 2.,71.43,35.9322033,1350000.0,40.15254231
Sheffield Wednesday,"CF, RW, RB",3.75,9.38,50.71,3.64,0.4,0.29,1.54,39.13,26.087,1.88,28.57,1.07,56.25,5.36,2.81,0.4,0.07,15.48,58.01,0.12,0.0,0.34,2.21,1.41,23.81,0.34,11.39022020096164,54.17,England 2.,71.43,49.21485341999999,1350000.0,49.45039739399999
Sint-Truiden,CF,3.393333333333333,7.94,34.24,2.1233333333333335,0.3066666666666667,0.4566666666666667,2.276666666666667,42.343333333333334,14.891,1.1166666666666667,25.793333333333333,3.2399999999999998,50.153333333333336,12.386666666666668,4.123333333333334,1.5633333333333332,0.38000000000000006,19.05333333333333,73.76333333333334,0.07666666666666667,0.08666666666666667,0.33,1.4566666666666668,1.1900000000000002,38.096666666666664,0.6833333333333332,7.782958675710259,77.2,Belgium 1.,68.57,72.4786024,475000.0,65.73502167999999
Sint-Truiden,"CF, LWF, LW",3.32,2.1,40.58,2.1,0.58,0.51,3.45,42.48,18.584,0.7,21.74,4.36,48.95,8.84,4.54,1.83,0.64,18.6,75.08,0.03,0.03,0.24,1.37,0.95,58.06,0.43,9.928321935156742,63.51,Belgium 1.,68.57,59.625855419999986,475000.0,56.73809879399999
Southampton,CF,3.32,7.086666666666666,32.29333333333333,1.8,0.20333333333333334,0.26666666666666666,1.593333333333333,40.14,12.366999999999999,0.2333333333333333,7.406666666666666,1.2333333333333332,39.46333333333333,8.966666666666667,2.8266666666666667,0.5066666666666667,0.16333333333333333,14.959999999999999,78.47,0.05000000000000001,0.0,0.06999999999999999,1.3066666666666666,0.4833333333333334,48.41,0.43,10.141348855229763,62.15,England 1.,100.0,46.11529999999999,10900000.0,47.28070999999999
Southampton,"CF, LW, LWF",3.83,2.96,29.41,0.8,0.0,0.19,1.91,9.09,0.0,1.04,16.67,2.09,50.0,5.05,3.66,2.79,0.52,28.2,79.63,0.0,0.17,0.17,1.91,1.39,25.0,0.87,13.778658681892525,38.93,England 1.,100.0,28.886059999999997,10900000.0,35.220242
Southampton,"CF, LW, RW",2.68,0.85,15.38,1.19,0.13,0.28,1.76,33.33,7.407,1.31,35.0,1.76,48.15,4.18,3.2,1.11,0.26,17.95,82.55,0.09,0.0,0.33,0.78,1.04,62.5,0.72,11.5298646771375,53.28,England 1.,100.0,39.533759999999994,10900000.0,42.673632
St. Pauli,CF,2.17,5.12,22.52,0.79,0.09,0.24,1.43,38.71,9.677,2.12,23.91,1.62,45.71,7.52,3.42,0.83,0.28,24.05,78.12,0.06,0.05,0.37,1.38,1.62,40.0,0.55,11.125456157833778,55.87,Germany 1.,94.29,41.45553999999999,1250000.0,44.018877999999994
St. Pauli,"CF, AMF",4.26,2.69,14.63,2.13,0.13,0.12,2.23,35.29,5.882,1.24,47.37,1.7,53.85,7.4,1.77,1.18,0.26,30.26,79.44,0.18,0.2,0.33,5.17,2.62,60.0,0.98,14.58645184363815,33.77,Germany 1.,94.29,25.057339999999996,1250000.0,32.540138
Standard Liège,CF,3.0075,6.295,29.6025,1.9224999999999999,0.19,0.3775,2.0475,44.35,17.79925,1.0125,30.2775,2.025,38.7625,8.7975,3.4675000000000002,0.8325,0.1425,17.37,71.8625,0.095,0.0625,0.3125,1.5075,1.115,51.5575,0.665,7.394233168543945,79.69,Belgium 1.,68.57,74.81631897999999,1950000.0,67.37142328599998
Stoke City,CF,3.495,7.085,22.83,1.58,0.185,0.25,1.365,37.254999999999995,14.216000000000001,0.595,25.0,1.865,37.585,7.225,2.885,1.1,0.135,13.47,69.265,0.06,0.0,0.135,1.025,0.745,68.75,0.745,10.412831843585716,60.41,England 2.,71.43,54.88405565999999,1000000.0,53.41883896199999
Stoke City,"CF, LAMF",5.04,11.35,50.69,3.69,0.24,0.26,1.58,40.0,15.0,0.55,14.29,2.13,59.26,6.23,2.05,0.79,0.32,11.03,55.0,0.02,0.08,0.16,1.42,0.87,36.36,0.39,14.349451654369448,35.28,England 2.,71.43,32.05279728,1000000.0,37.436958096
Strasbourg,CF,4.365,4.115,38.245000000000005,2.37,0.305,0.33,1.8900000000000001,44.79,14.7915,0.23500000000000001,0.0,1.9500000000000002,44.105000000000004,8.71,2.565,1.14,0.325,14.0,78.73,0.035,0.0,0.14,1.065,0.525,47.32,0.295,10.215921796955465,61.67,France 1.,91.43,45.759139999999995,7666666.666666667,59.174255142857135
Strasbourg,"CF, AMF, RCMF",6.25,1.94,40.48,3.54,0.19,0.14,0.88,47.37,21.053,0.88,31.58,1.71,51.35,5.56,2.22,1.57,0.51,32.04,80.78,0.09,0.19,0.56,2.92,1.06,43.48,0.51,13.327396853938966,41.81,France 1.,91.43,31.02302,7666666.666666667,48.858971142857136
Stuttgart,CF,2.48,5.01,36.28,2.53,0.66,0.68,2.75,48.39,24.194,0.53,8.33,0.84,47.37,6.91,4.74,0.71,0.09,14.58,75.68,0.07,0.13,0.31,1.11,0.62,64.29,0.8,6.603334400276138,84.73,Germany 1.,94.29,62.869659999999996,19000000.0,59.008762
Stuttgart,"CF, AMF",3.2,2.96,29.03,2.13,0.43,0.5,3.29,44.93,13.043,0.62,15.38,1.57,51.52,6.96,4.72,0.91,0.1,26.85,75.84,0.12,0.81,0.62,3.0,2.24,48.94,1.62,9.81495568239471,64.23,Germany 1.,94.29,47.65866,19000000.0,48.361062
Stuttgart,"CF, AMF, LWF",3.26,6.86,33.58,2.97,0.5,0.53,2.1,61.9,28.571,0.6,41.67,3.91,44.87,18.08,5.71,1.65,0.2,22.34,75.34,0.13,0.25,0.7,2.15,1.85,51.35,2.35,7.171655282920376,81.11,Germany 1.,94.29,60.18361999999999,19000000.0,57.12853399999999
Sunderland,CF,2.11,3.46,33.33,1.49,0.33,0.36,2.11,46.43,15.476,0.63,20.0,1.76,58.57,5.82,3.46,0.9,0.43,8.53,72.06,0.05,0.03,0.2,0.43,0.43,64.71,0.48,10.699251399095186,58.59,England 2.,71.43,53.23053834,2000000.0,52.261376838
Sunderland,"CF, RAMF",3.63,3.76,15.79,1.46,0.33,0.33,1.95,49.15,16.949,1.19,25.0,5.25,56.6,11.84,3.76,2.94,0.73,8.94,69.37,0.11,0.07,0.46,0.56,0.82,52.0,0.66,12.178272604947626,49.14,England 2.,71.43,44.64496763999999,2000000.0,46.251477347999995
Swansea City,CF,1.72,5.11,31.25,2.84,0.24,0.39,2.04,39.22,13.725,0.04,100.0,0.52,38.46,3.03,3.11,0.24,0.0,9.38,73.19,0.01,0.0,0.12,0.48,0.08,100.0,0.16,12.533374103642183,46.88,England 2.,71.43,42.59169888,205000.0,44.814189216
Swansea City,"CF, RAMF",5.5,6.21,35.23,3.51,0.21,0.21,0.99,50.0,21.429,1.41,35.0,1.27,55.56,6.14,1.9,0.42,0.21,14.6,78.74,0.02,0.0,0.21,1.13,0.92,53.85,0.28,12.801212085695619,45.17,England 2.,71.43,41.03811942,205000.0,43.726683593999994
Torino,CF,2.11,5.510000000000001,30.88,1.75,0.28,0.32,1.8666666666666665,38.66,14.546,0.3733333333333333,43.59,1.47,47.53666666666667,7.3566666666666665,3.1733333333333333,0.4566666666666666,0.043333333333333335,16.173333333333332,76.72666666666667,0.04666666666666667,0.06333333333333334,0.2933333333333333,1.7633333333333334,0.62,34.39333333333334,0.5,9.610109084500278,65.54,Italy 1.,97.14,48.630680000000005,6500000.0,61.898618857142864
Torino,"CF, LW, LAMF",2.33,1.47,21.05,2.25,0.0,0.19,1.86,25.0,0.0,2.09,18.52,4.96,39.06,12.79,3.18,2.87,0.47,21.32,69.09,0.03,0.31,0.23,1.32,2.02,50.0,0.78,13.438092500048722,41.1,Italy 1.,97.14,30.496199999999998,6500000.0,49.20448285714286
Torino,"CF, LW, LCMF",5.04,7.18,35.14,3.08,0.19,0.31,1.75,55.56,11.111,1.36,28.57,3.49,44.44,11.06,2.52,1.94,0.19,16.49,72.94,0.1,0.0,0.39,1.16,1.55,62.5,0.39,9.649066677178984,65.29,Italy 1.,97.14,48.44518,6500000.0,61.76876885714286
Tottenham Hotspur,CF,2.945,4.86,34.24,2.715,0.46499999999999997,0.47,2.1550000000000002,46.364999999999995,21.683500000000002,0.775,25.0,1.995,32.769999999999996,8.370000000000001,3.7,1.05,0.395,12.465,73.465,0.065,0.305,0.21000000000000002,1.31,0.905,59.644999999999996,0.625,7.118045641044143,81.45,England 1.,100.0,60.43589999999999,39000000.0,57.30512999999999
Toulouse,CF,3.2,6.71,29.37,1.4,0.27,0.36,2.08,48.72,12.821,0.27,20.0,0.69,69.23,5.33,3.25,0.59,0.16,12.14,76.75,0.06,0.0,0.16,1.22,0.64,58.33,0.64,11.59581265318044,52.86,France 1.,91.43,39.22212,2650000.0,42.455484
Toulouse,"CF, LWF",3.53,4.68,31.91,1.97,0.3,0.39,2.29,45.65,13.043,0.8,6.25,3.43,49.28,10.5,4.18,1.54,0.3,17.26,75.79,0.07,0.0,0.25,1.74,1.04,66.67,0.9,8.342631743438716,73.63,France 1.,91.43,54.63345999999999,2650000.0,53.243421999999995
Udinese,CF,2.783333333333333,5.2,33.13,1.5899999999999999,0.18000000000000002,0.26666666666666666,1.75,29.373333333333335,10.041666666666666,0.6066666666666667,11.11,1.62,44.06666666666666,10.483333333333334,3.2466666666666666,0.85,0.16333333333333333,19.136666666666667,78.49333333333333,0.05333333333333334,0.21000000000000005,0.10000000000000002,2.31,0.9433333333333334,44.580000000000005,0.5966666666666667,10.121915728730773,62.27,Italy 1.,97.14,46.20434,4200000.0,50.343038
Udinese,"CF, AMF",3.98,4.86,29.55,1.62,0.22,0.09,1.33,25.0,16.667,0.55,20.0,2.65,45.83,7.96,1.22,1.0,0.33,19.79,82.12,0.03,0.0,0.11,1.77,1.0,55.56,0.55,13.867541930749715,38.36,Italy 1.,97.14,28.463119999999993,4200000.0,37.924184
Udinese,"CF, RWF, RW",2.65,0.65,26.67,0.91,0.3,0.44,2.31,52.83,15.094,5.09,34.19,7.39,58.24,14.05,2.96,3.78,0.91,31.54,72.0,0.21,0.3,0.61,4.09,5.39,46.77,1.22,16.588963499832627,20.99,Italy 1.,97.14,15.574579999999997,4200000.0,28.902206
Union Berlin,CF,3.12,9.53,41.405,1.81,0.27,0.43,2.0300000000000002,37.035,12.963,0.27,25.0,0.635,43.75,7.965,3.12,0.225,0.045,14.06,74.13,0.04,0.09,0.09,1.175,0.45,20.0,0.36,9.344485839239189,67.23,Germany 1.,94.29,49.88466,3500000.0,49.919261999999996
Union Berlin,"CF, AMF, LWF",4.65,3.82,24.35,2.24,0.3,0.29,2.36,32.39,12.676,3.02,24.18,5.88,53.67,15.01,3.85,3.12,1.23,21.21,70.42,0.08,0.27,0.4,1.2,2.76,42.17,0.9,13.11512611418849,43.16,Germany 1.,94.29,32.024719999999995,3500000.0,37.417303999999994
Union Berlin,"CF, AMF, RWF",3.62,3.69,26.42,2.08,0.0,0.14,1.39,30.0,0.0,2.36,44.12,1.6,47.83,6.33,2.43,1.04,0.49,23.93,71.8,0.06,0.07,0.49,1.18,2.36,50.0,0.42,12.889542500450583,44.6,Germany 1.,94.29,33.093199999999996,3500000.0,38.16524
Union Saint-Gilloise,CF,3.755,6.505,43.364999999999995,1.9300000000000002,0.36,0.53,2.58,40.475,17.4605,1.295,31.665,4.1850000000000005,43.54,13.825,4.79,1.71,0.25,15.629999999999999,68.35000000000001,0.060000000000000005,0.16499999999999998,0.42,1.3900000000000001,1.32,25.825,0.5349999999999999,8.435039120430787,73.04,Belgium 1.,68.57,68.57301968000002,375000.0,63.00111377600001
Union Saint-Gilloise,"CF, LWF",3.83,1.79,13.51,1.89,0.39,0.41,2.38,34.69,18.367,0.82,29.41,4.07,45.24,9.94,4.22,2.09,0.58,13.92,71.78,0.09,0.1,0.19,1.07,1.02,61.9,1.45,9.582229455268603,65.72,Belgium 1.,68.57,61.70069623999999,375000.0,58.19048736799999
Union Saint-Gilloise,"CF, RWF",5.6,2.11,21.88,2.65,0.43,0.56,3.0,52.75,17.582,1.02,35.48,5.66,46.51,13.56,4.31,2.77,1.09,20.9,77.48,0.16,0.13,0.46,1.68,1.19,77.78,1.09,10.800057675772301,57.94,Belgium 1.,68.57,54.396505479999995,375000.0,53.07755383599999
Valencia,CF,3.26,6.03,32.916666666666664,1.7133333333333332,0.35333333333333333,0.39333333333333337,1.8166666666666667,36.26,20.649333333333335,0.27666666666666667,51.666666666666664,1.5466666666666669,50.99,7.59,3.3066666666666666,0.49333333333333335,0.2133333333333333,13.136666666666665,76.91333333333334,0.02,0.05333333333333334,0.09999999999999999,0.9333333333333332,0.39999999999999997,48.333333333333336,0.3433333333333333,10.122644857063056,62.27,Spain 1.,94.29,46.20434,7425000.0,60.52160942857142
Valencia,"CF, RW, LW",3.69,4.53,25.58,3.03,0.11,0.3,2.63,28.0,4.0,0.95,55.56,0.84,37.5,4.43,2.53,0.95,0.11,21.18,72.14,0.06,0.11,0.32,2.11,0.95,55.56,0.11,11.012095792575062,56.59,Spain 1.,94.29,41.989779999999996,7425000.0,57.57141742857142
Venezia,CF,2.476,6.008,28.496,1.7420000000000002,0.134,0.28200000000000003,1.484,39.69,12.296,0.666,25.282,1.8059999999999998,49.834,7.848000000000001,2.69,0.984,0.152,17.482,71.728,0.06799999999999999,0.142,0.18,1.6300000000000001,1.1780000000000002,45.524,0.6759999999999999,10.307372142545299,61.09,Italy 1.,97.14,45.328779999999995,2466666.6666666665,46.73014599999999
Venezia,"CF, RWF, AMF",4.15,2.17,22.03,1.28,0.11,0.17,1.51,26.83,7.317,2.13,36.21,4.96,52.59,16.05,2.76,2.57,0.7,15.65,73.94,0.08,0.04,0.44,1.73,2.17,54.24,0.99,13.466367983245686,40.92,Italy 1.,97.14,30.36264,2466666.6666666665,36.253848
Villarreal,CF,3.1733333333333333,3.8633333333333333,49.71333333333333,2.046666666666667,0.38000000000000006,0.48,2.566666666666667,44.333333333333336,19.098,0.7966666666666667,42.06333333333333,3.0700000000000003,54.98,9.12,3.9933333333333336,1.72,0.5133333333333333,18.82,77.26,0.12666666666666668,0.3499999999999999,0.47333333333333333,2.8333333333333335,1.8166666666666667,65.89666666666666,1.1633333333333333,8.57357516240677,72.16,Spain 1.,94.29,53.542719999999996,6375000.0,64.80133257142856
Villarreal,"CF, RW",3.41,2.11,30.77,1.89,0.16,0.24,1.89,45.71,8.571,1.57,31.03,4.59,55.29,11.95,4.16,3.35,0.76,31.3,83.25,0.21,0.11,0.81,1.62,2.43,75.56,2.43,12.69296607708887,45.86,Spain 1.,94.29,34.028119999999994,6375000.0,51.141112571428565
Watford,CF,3.295,6.63,32.575,2.105,0.25,0.29,1.44,38.235,18.137500000000003,0.235,16.665,0.6950000000000001,35.415,6.395,2.455,0.5700000000000001,0.13,12.335,77.715,0.015,0.02,0.11499999999999999,0.79,0.45999999999999996,58.730000000000004,0.26,10.890691712740646,57.36,England 2.,71.43,52.11305135999999,1400000.0,51.47913595199999
Werder Bremen,CF,2.0,4.053333333333334,40.74666666666666,2.15,0.22666666666666666,0.45999999999999996,2.856666666666667,45.330000000000005,12.254666666666667,1.5199999999999998,22.599999999999998,1.9733333333333334,48.806666666666665,6.466666666666666,4.1066666666666665,1.11,0.25666666666666665,22.36,71.23666666666666,0.17666666666666667,0.36000000000000004,0.54,1.86,1.97,49.60999999999999,1.3633333333333333,7.425910716863839,79.48,Germany 1.,94.29,58.97416,6000000.0,66.99619771428571
Werder Bremen,"CF, RWF",5.32,2.29,26.47,2.26,0.4,0.24,1.55,43.48,26.087,1.28,36.84,2.29,47.06,10.78,3.03,1.62,0.47,20.95,75.88,0.06,0.0,0.47,1.95,2.02,53.33,0.94,9.756049646806899,64.61,Germany 1.,94.29,47.940619999999996,6000000.0,59.272719714285714
Werder Bremen,"CF, RWF, LWF",1.93,3.36,37.5,1.57,0.25,0.36,2.27,25.93,11.111,2.18,34.62,2.43,55.17,7.64,4.37,2.52,0.76,18.47,68.64,0.11,0.0,0.42,1.51,2.27,48.15,1.26,9.364110996489115,67.11,Germany 1.,94.29,49.795619999999985,6000000.0,60.571219714285704
West Bromwich Albion,CF,2.24,3.32,38.75,1.85,0.5,0.32,1.74,42.86,28.571,0.21,20.0,0.91,59.09,6.84,2.65,0.41,0.08,18.41,79.95,0.09,0.29,0.29,2.16,0.58,71.43,0.71,10.293263912575055,61.18,England 2.,71.43,55.58362067999999,7533333.333333333,66.62282019028571
West Bromwich Albion,"CF, LAMF",3.15,2.2800000000000002,29.895000000000003,1.995,0.185,0.26,2.075,37.415,10.9165,2.15,15.29,3.82,62.644999999999996,7.535,3.94,2.19,0.51,22.15,78.11,0.08,0.045,0.3,1.6549999999999998,1.425,42.435,0.76,11.440438994488012,53.85,England 2.,71.43,48.9241251,7533333.333333333,61.96117328428571
West Ham United,CF,3.26,6.023333333333333,35.00333333333333,2.5166666666666666,0.19000000000000003,0.21,1.4533333333333331,33.81,14.047666666666666,1.1033333333333333,42.223333333333336,2.03,64.16666666666667,8.040000000000001,2.6799999999999997,1.2433333333333334,0.22666666666666668,15.85,71.96,0.09999999999999999,0.09000000000000001,0.4066666666666667,1.68,1.38,26.096666666666664,0.7433333333333333,11.41964753555488,53.99,England 1.,100.0,40.060579999999995,33800000.0,43.04240599999999
West Ham United,"CF, LW, RAMF",4.45,1.77,18.18,1.66,0.16,0.29,2.26,31.43,7.143,3.22,42.0,7.09,59.55,20.46,3.9,3.13,0.61,27.71,85.12,0.16,0.0,0.52,1.35,2.35,57.53,0.52,15.572430968364976,27.48,England 1.,100.0,20.390159999999998,33800000.0,29.273111999999998
West Ham United,"CF, RW, RAMF",3.7,2.18,13.92,2.24,0.33,0.23,2.24,44.44,16.049,2.63,26.32,4.48,50.0,11.36,4.31,3.18,0.55,20.45,75.81,0.19,0.28,0.55,1.55,2.27,48.78,1.33,10.98153008414982,56.78,England 1.,100.0,42.13075999999999,33800000.0,44.49153199999999
Westerlo,CF,2.44,4.67,32.45,1.1,0.4,0.47,2.57,50.6,15.663,0.77,32.0,2.29,51.35,6.28,3.99,0.87,0.28,13.48,67.43,0.13,0.12,0.34,1.64,0.93,46.67,0.62,8.08922014017902,75.25,Belgium 1.,68.57,70.64786050000001,0.0,64.45350235000001
Wolfsburg,CF,2.25,5.64,51.43,1.71,0.48,0.53,2.74,41.18,17.647,1.13,14.29,2.25,78.57,10.63,3.22,0.97,0.0,16.42,69.61,0.04,0.16,0.16,0.81,1.77,27.27,0.48,12.797581294264036,45.19,Germany 1.,94.29,33.53097999999999,12400000.0,38.47168599999999
Wolfsburg,"CF, AMF",1.93,9.22,50.0,2.27,0.34,0.28,1.47,37.14,25.714,0.59,14.29,1.22,55.17,7.46,2.68,0.17,0.0,21.55,76.85,0.14,0.25,0.63,3.52,1.47,54.29,1.13,9.808394048799833,64.27,Germany 1.,94.29,47.68834,12400000.0,48.381837999999995
Wolfsburg,"CF, LW, LCMF",6.88,4.48,37.89,5.42,0.14,0.19,1.65,28.57,8.571,1.55,30.3,3.63,55.84,9.85,2.5,2.36,0.42,27.33,69.14,0.16,0.42,0.42,3.82,1.98,57.14,0.99,13.000261355868817,43.9,Germany 1.,94.29,32.57379999999999,12400000.0,37.80165999999999
Wolfsburg,"CF, LWF",3.93,2.87,34.52,2.76,0.27,0.34,2.5,35.62,13.699,1.54,22.22,3.32,50.52,6.23,3.87,2.53,0.79,24.8,71.86,0.12,0.27,0.58,1.44,2.29,43.28,1.3,9.104101941259165,68.77,Germany 1.,94.29,51.027339999999995,12400000.0,50.719137999999994
Wolfsburg,"CF, RW, LAMF",4.6,2.17,16.33,3.19,0.27,0.22,1.77,50.0,15.0,1.68,26.32,3.98,51.11,10.8,3.1,1.06,0.13,20.93,73.78,0.04,0.18,0.35,2.26,1.59,47.22,0.66,11.710539032497566,52.13,Germany 1.,94.29,38.68046,12400000.0,42.076322
Wolverhampton Wanderers,CF,2.91,5.63,35.8,2.03,0.45,0.33,1.6,68.0,28.0,0.42,15.38,0.74,47.83,6.69,3.14,0.51,0.0,13.31,71.15,0.07,0.03,0.32,0.8,0.35,36.36,0.35,9.072861897230448,68.97,England 1.,100.0,51.17574,21666666.666666668,50.823018
Wolverhampton Wanderers,"CF, RAMF, LWF",3.89,1.83,18.75,4.38,0.23,0.07,0.46,75.0,50.0,1.26,27.27,1.26,36.36,4.81,2.52,1.26,0.34,22.33,82.05,0.11,0.23,0.34,1.15,1.03,55.56,0.57,13.405709654080411,41.31,England 1.,100.0,30.65202,21666666.666666668,36.456413999999995
Wolverhampton Wanderers,"CF, RWF, AMF",4.49,1.39,33.33,2.04,0.15,0.2,1.94,32.0,8.0,2.32,23.33,2.87,45.95,8.6,2.71,2.63,0.77,24.71,75.24,0.08,0.08,0.54,2.01,2.87,56.76,1.16,11.360703106644683,54.36,England 1.,100.0,40.335119999999996,21666666.666666668,43.234584
